技能名,属性,分类,耗能,威力,技能描述,可学习精灵
操控,普通,状态,1,0,敌方本回合使用的技能能耗+7，持续3回合。,卷胡巨獭|幽冥眼（闭眼的样子）|幽冥眼（睁眼的样子）|化蝶（喵喵的样子）|化蝶（平常的样子）|化蝶（奇丽花的样子）|化蝶（幽冥眼的样子）|幽影树|梦悠悠（穿旧睡衣的样子）|梦悠悠（穿星星睡衣的样子）|梦游（穿旧睡衣的样子）|梦游（穿星星睡衣的样子）|锤头鹳|牵线木偶|帅帅魔偶|雪灵|尖嘴狐仙|刺电环|荆棘电环|闪电环|圆号鱼|鳗尾兽|粉耳星兔|落陨星兔|黑猫巫师
乘胜追击,普通,物理,2,40,造成物伤，1连击，每次使用后，本技能连击数永久+1。,伏地兽|巨噬针鼹|贪食鼹|小星光（星光能量的样子）|小星光（月光能量的样子）|星光狮（星光能量的样子）|星光狮（月光能量的样子）|叮叮恶魔|锤头鹳|咔咔鸟|翼龙|皇家狮鹫（高山地的样子）|皇家狮鹫（崖间地的样子）|酷拉|陨星虫|圣羽翼王|上岸蛙
冲撞,普通,物理,7,120,造成物伤，回合结束时，本技能能耗永久-1。,鸭吉吉（蓬松的样子）|抱枕松鼠|蹦床松鼠|绿耳松鼠|伊贝粉粉|石刺蜥（本来的样子）|石刺蜥（球球尾巴的样子）|石肤蜥（本来的样子）|石肤蜥（球球尾巴的样子）|石冠王蜥（本来的样子）|石冠王蜥（球球尾巴的样子）
触底强击,普通,魔法,3,60,造成魔伤，释放后若能量耗尽，本次攻击威力+100。,卷胡巨獭|电球咩咩|牵线木偶|帅帅魔偶|风滚暮虫（金黄的样子）|风滚暮虫（枯叶的样子）|蓬叶虫（金黄的样子）|蓬叶虫（枯叶的样子）|旋叶虫（金黄的样子）|旋叶虫（枯叶的样子）|怖哭菇|怖须菇|哭哭菇|棋齐垒（白子）|棋齐垒（黑子）|棋祈督（白子）|棋祈督（黑子）|棋骑士（白子）|棋骑士（黑子）|棋绮后（白子）|棋绮后（黑子）
穿膛,普通,物理,2,65,造成物伤，若敌方能量小于等于2，造成5倍伤害。,幻影灵菇|幽冥眼（闭眼的样子）|幽冥眼（睁眼的样子）|幽影树|巨灵石|石石|高脚鹬|多灵|多灵主|寂灭骨龙
垂死反击,普通,物理,4,80,造成物伤，自己每失去5%生命，本次技能威力+5。,卡瓦重（草地附近的样子）|卡瓦重（沙地附近的样子）|卡瓦重（雪山附近的样子）|瞌睡王|海豹船长|九幽菇|耳翎瑰魅|瑰眼仔|邪眼巨魔|卡波|卡拉波斯|古卷匣魔像|古卷执政官|书卷守护|书魔虫
伺机而动,普通,状态,1,0,下一次行动时，攻击技能威力+70。,鸭吉吉（紧实的样子）|鸭吉吉（蓬松的样子）|鸭吉吉（起来鸭）|鸭吉吉国王（紧实的样子）|鸭吉吉国王（蓬松的样子）|鸭吉吉国王（起来鸭）|岚鸟（本来的样子）|岚鸟（春天的样子）|岚鸟（秋天的样子）|岚鸟（夏天的样子）|梦悠悠（穿旧睡衣的样子）|巨噬针鼹|星光狮（星光能量的样子）|星光狮（月光能量的样子）|魔眷鸟|锤头鹳|咔咔鸟|翼龙|白金独角兽|彩虹独角兽|小独角兽|风滚暮虫（金黄的样子）|风滚暮虫（枯叶的样子）|海枝枝（碧蓝珊瑚）|海枝枝（翠绿纶布）|海枝枝（杏黄百合）|海枝枝（洋红沙丁）|公平鸽|乌拉塔（极夜的样子）|乌拉塔（极昼的样子）|厉毒修萝|粉耳星兔|粉星仔|落陨星兔|黑猫密探|黑猫巫师|展开全部 45 只精灵
打鼾,普通,魔法,6,150,对敌方精灵造成魔法伤害。,化蝶（喵喵的样子）|化蝶（平常的样子）|化蝶（奇丽花的样子）|化蝶（幽冥眼的样子）|毛毛|爬爬|獠牙猪|水滴蛇|水蛇锁|游蛇魔使|月亮砣（上弦的样子）|月亮砣（下弦的样子）|海枝枝（碧蓝珊瑚）|海枝枝（翠绿纶布）|海枝枝（杏黄百合）|海枝枝（洋红沙丁）|嗜波螺|画间法师手
当头棒喝,普通,物理,3,80,造成物伤，若敌方本回合替换精灵，本次技能威力+150。,风暴战犬|护主犬|音速犬|伏地兽|巨噬针鼹|贪食鼹|恶魔狼|怖哭菇|怖须菇|哭哭菇|大耳帽兜|帽兜娃娃|雪影冰灵|雪影娃娃|胆小鳗鱼|闪电鳗鱼|爵士鹿|迷你乌（极夜的样子）|迷你乌（极昼的样子）|乌达（极夜的样子）|乌达（极昼的样子）|乌拉塔（极夜的样子）|乌拉塔（极昼的样子）|多灵|多灵主|卡波|卡拉波斯|龙息帕尔|火焰猿|恶魔红钻
吨位压制,普通,物理,3,0,造成物伤，敌方体重越低，威力越高。,鸭吉吉（紧实的样子）|鸭吉吉（蓬松的样子）|鸭吉吉（起来鸭）|鸭吉吉国王（紧实的样子）|鸭吉吉国王（蓬松的样子）|鸭吉吉国王（起来鸭）|布克棱岩|布是石|布是岩|迷嶂布莱克|逗逗|梦想三三|奇梦咪|气球猫|波波螺|嗜波螺|消波螺|多灵|多灵主|耳翎瑰魅|瑰眼仔|邪眼巨魔
防反,普通,状态,2,0,减伤60%，应对攻击：自己获得物攻和魔攻+40%。,水灵|鸭吉吉（蓬松的样子）|水泡壳（本来的样子）|水泡壳（蜕皮时的样子）|幻影灵菇|晶石蜗（火山琉璃的样子）|晶石蜗（蓝锥矿的样子）|晶石蜗（莲花刚玉的样子）|晶石蜗（烧蓝黄金的样子）|晶石蜗（西瓜碧玺的样子）|晶石蜗（星彩榴石的样子）|卷胡巨獭|抱枕松鼠|蹦床松鼠|绿耳松鼠|立方人|蹦蹦花（彩玉球形态）|蹦蹦花（短毛球形态）|蹦蹦花（海神球形态）|蹦蹦花（象牙球形态）|电球咩咩|伊贝粉粉|石冠王蜥（本来的样子）|石冠王蜥（球球尾巴的样子）|翠顶夫人|黑羽夫人|奇丽花|布克棱岩|古啦多|怖哭菇|雪巨人|炽心勇狮|闪电鳗鱼|琉璃水母|海豹船长|抹茶布丁|展开全部 61 只精灵
防御,普通,状态,1,0,减伤70%，应对攻击。,权|权杖-Ⅴ|迪莫|圣光迪莫|喵喵|喵呜|魔力猫|叶冕魔力猫|火花|火神|烈火战神|焰火|波波拉|圣水守护|水蓝蓝|水灵|鸭吉吉（紧实的样子）|鸭吉吉（蓬松的样子）|鸭吉吉（起来鸭）|鸭吉吉国王（紧实的样子）|鸭吉吉国王（蓬松的样子）|鸭吉吉国王（起来鸭）|板板壳（本来的样子）|板板壳（蜕皮时的样子）|咔咔壳（本来的样子）|咔咔壳（蜕皮时的样子）|水泡壳（本来的样子）|水泡壳（蜕皮时的样子）|冬羽雀（本来的样子）|冬羽雀（春天的样子）|冬羽雀（秋天的样子）|冬羽雀（夏天的样子）|岚鸟（本来的样子）|岚鸟（春天的样子）|岚鸟（秋天的样子）|岚鸟（夏天的样子）|霜翼领主（本来的样子）|展开全部 426 只精灵
飞踢,普通,物理,3,100,对敌方精灵造成物理伤害。,声波缇塔|酷拉|拉特|画间沉铁兽|画间法师手|画精灵|画像守护|格斗小六
复写,普通,状态,0,0,每回合随机变成自己未携带的技能，且该技能能耗-2。,权|权杖-Ⅴ|火神|鸭吉吉（蓬松的样子）|水泡壳（本来的样子）|水泡壳（蜕皮时的样子）|芋香巨角蛛|红绒十字|晶石蜗（火山琉璃的样子）|晶石蜗（蓝锥矿的样子）|晶石蜗（莲花刚玉的样子）|晶石蜗（烧蓝黄金的样子）|晶石蜗（西瓜碧玺的样子）|晶石蜗（星彩榴石的样子）|千棘盔（本来的样子）|千棘盔（磨损的样子）|记忆石|立方人|蹦蹦花（彩玉球形态）|蹦蹦花（短毛球形态）|蹦蹦花（海神球形态）|蹦蹦花（象牙球形态）|花衣蝶|巨噬针鼹|星光狮（星光能量的样子）|星光狮（月光能量的样子）|石冠王蜥（本来的样子）|石冠王蜥（球球尾巴的样子）|翠顶夫人|黑羽夫人|叮叮恶魔|魔眷鸟|花影羚羊|布克棱岩|牵线木偶|帅帅魔偶|咔咔鸟|展开全部 76 只精灵
攻击场地,未知,—,—,—,当前还没有补到明确效果描述。,当前还没有整理到可学习精灵数据。
鼓劲,普通,状态,3,0,自己获得魔防+150%。,权|权杖-Ⅴ|鸭吉吉（紧实的样子）|鸭吉吉（蓬松的样子）|鸭吉吉（起来鸭）|幻影灵菇|卷胡巨獭|小鼠獭|燕尾獭|千棘盔（本来的样子）|千棘盔（磨损的样子）|电咩咩|电球咩咩|粉咩咩|罗隐|仪式巨像|权杖-II|权杖-V|尖嘴狐仙|游蛇魔使|月亮砣（上弦的样子）|月亮砣（下弦的样子）|九幽菇|圣剑-X|圣剑骑士|圣剑侍从|白发路路|帕帕斯卡|多灵|多灵主|画间沉铁兽|画间法师手|怒目怂猫|小怂猫|贝古斯|流浪鼠
聒噪,普通,状态,1,0,敌方获得全攻击技能能耗+3，持续3回合。,卡瓦重（草地附近的样子）|暗影灵面（闭眼的样子）|暗影灵面（睁眼的样子）|小灵面|幽冥眼（闭眼的样子）|幽冥眼（睁眼的样子）|翠顶夫人|黑羽夫人|锤头鹳|花影羚羊|遁地鼠（储水期的样子）|风滚暮虫（金黄的样子）|风滚暮虫（枯叶的样子）|蓬叶虫（金黄的样子）|蓬叶虫（枯叶的样子）|旋叶虫（金黄的样子）|旋叶虫（枯叶的样子）|冰封怨灵|雪灵|雪娃娃|獠牙猪|巨灵石|裘卡|黑猫密探|黑猫巫师|小黑猫|小皮球|春花兔|电企鹅|小电企鹅
后发制人,普通,物理,3,140,造成物理伤害，先手-1。,板板壳（本来的样子）|板板壳（蜕皮时的样子）|咔咔壳（本来的样子）|咔咔壳（蜕皮时的样子）|水泡壳（本来的样子）|水泡壳（蜕皮时的样子）|晶石蜗（火山琉璃的样子）|晶石蜗（蓝锥矿的样子）|晶石蜗（莲花刚玉的样子）|晶石蜗（烧蓝黄金的样子）|晶石蜗（西瓜碧玺的样子）|晶石蜗（星彩榴石的样子）|白发懒人|动力猿|瞌睡王|石冠王蜥（本来的样子）|石冠王蜥（球球尾巴的样子）|布克棱岩|罗隐|迷迷箱怪|小箱怪|卡波|卡拉波斯|里奥|灵羽勇士|圣羽翼王
荟萃,未知,—,—,—,当前还没有补到明确效果描述。,当前还没有整理到可学习精灵数据。
彗星,普通,魔法,0,240,造成魔伤，每失去5%生命，本次技能威力-10，使用后消耗全部生命。,权|权杖-Ⅴ|卷胡巨獭|幻影荆棘|幽影树|花衣蝶|兽花蕾|獠牙猪|权杖-II|权杖-V|黑猫密探|黑猫巫师|小黑猫|古卷匣魔像|古卷执政官
激怒,普通,状态,2,0,敌方除本回合使用的技能，其他技能能耗+3，持续3回合。,芋香巨角蛛|卷胡巨獭|小鼠獭|燕尾獭|幽冥眼（闭眼的样子）|幽冥眼（睁眼的样子）|嘟嘟锅|化蝶（喵喵的样子）|化蝶（平常的样子）|化蝶（奇丽花的样子）|化蝶（幽冥眼的样子）|幽影树|古啦多|冰封怨灵|雪灵|雪娃娃|闪电鳗鱼|鄙目鹬|高脚鹬|小鹬|窃光蚊|号儿鱼|圆号鱼|绒仙子
棘刺,普通,状态,2,0,敌方获得1层棘刺印记。,权|权杖-Ⅴ|丢丢（草地附近的样子）|卡卡虫（草地附近的样子）|卡瓦重（草地附近的样子）|化蝶（喵喵的样子）|化蝶（平常的样子）|化蝶（奇丽花的样子）|化蝶（幽冥眼的样子）|蹦蹦花（彩玉球形态）|蹦蹦花（短毛球形态）|蹦蹦花（海神球形态）|蹦蹦花（象牙球形态）|石冠王蜥（本来的样子）|石冠王蜥（球球尾巴的样子）|风滚暮虫（金黄的样子）|风滚暮虫（枯叶的样子）|权杖-II|权杖-V|巨灵石|里拉鳐|公平鸽|圆号鱼|嗜波螺|鳗尾兽|波多西|迷迷箱怪|卡波|卡拉波斯|绒光优优
加固,普通,状态,2,0,自己获得物防+140%。,权|权杖-Ⅴ|鸭吉吉（紧实的样子）|鸭吉吉（蓬松的样子）|幻影灵菇|千棘盔（本来的样子）|千棘盔（磨损的样子）|电咩咩|电球咩咩|粉咩咩|瞌睡王|花魁蜂后|罗隐|权杖-II|权杖-V|尖嘴狐仙|雪影娃娃|月亮砣（上弦的样子）|月亮砣（下弦的样子）|九幽菇|螺旋帕帕|帕帕斯卡|画间沉铁兽|画间法师手|怒目怂猫|小怂猫
见招拆招,普通,物理,2,55,造成物伤，若上回合使用状态技能，本次技能威力+50。,鸭吉吉（紧实的样子）|鸭吉吉（蓬松的样子）|鸭吉吉（起来鸭）|鸭吉吉国王（紧实的样子）|鸭吉吉国王（蓬松的样子）|鸭吉吉国王（起来鸭）|多彩方方|机械方方|立方人|蹦蹦花（彩玉球形态）|蹦蹦花（短毛球形态）|蹦蹦花（海神球形态）|蹦蹦花（象牙球形态）|花影羚羊|铃兰羊|锥尾羊|尖嘴狐仙|游蛇魔使|皇家狮鹫（高山地的样子）|皇家狮鹫（崖间地的样子）|神圣狮鹫（高山地的样子）|神圣狮鹫（崖间地的样子）|小狮鹫（高山地的样子）|小狮鹫（崖间地的样子）|卷毛鸭|燃薪虫|厉毒小萝|厉毒修萝|多灵|多灵主
践踏,普通,物理,4,120,对敌方精灵造成物理伤害。,卷胡巨獭|小鼠獭|燕尾獭|记忆石|奇丽花|嗜波螺|白发路路|呆小路|舞动路路|花怨鳗|鳗尾兽
借用,普通,状态,0,0,每回合随机变成己方队伍中其他精灵的技能。,迪莫|魔力猫|水灵|鸭吉吉（紧实的样子）|鸭吉吉（蓬松的样子）|岚鸟（本来的样子）|岚鸟（春天的样子）|岚鸟（秋天的样子）|岚鸟（夏天的样子）|音速犬|利灯鱼|幽影树|伊贝粉粉|瞌睡王|梦悠悠（穿旧睡衣的样子）|梦悠悠（穿星星睡衣的样子）|梦游（穿旧睡衣的样子）|梦游（穿星星睡衣的样子）|兽花蕾|花魁蜂后|彩蝶鲨|风铃鲨|蓝蝶鲨|神谕鲨|罗隐|恶魔狼|牵线木偶|帅帅魔偶|菊花梨|雪灵|雪影娃娃|针叶巡林|炽心勇狮|游蛇魔使|龙鱼|爵士鹿|展开全部 68 只精灵
精神扰乱,普通,状态,0,0,敌方获得全技能能耗+1，应对防御：改为能耗+3。,魔力猫|火神|鸭吉吉（紧实的样子）|鸭吉吉（蓬松的样子）|卡瓦重（草地附近的样子）|幽冥眼（闭眼的样子）|幽冥眼（睁眼的样子）|千棘盔（本来的样子）|千棘盔（磨损的样子）|嘟嘟锅|化蝶（喵喵的样子）|化蝶（平常的样子）|化蝶（奇丽花的样子）|化蝶（幽冥眼的样子）|立方人|蒲公英娃娃|花衣蝶|瞌睡王|魔草巫灵|巨噬针鼹|花魁蜂后|锤头鹳|遁地鼠（储水期的样子）|遁地鼠（枯水期的样子）|巨灵石|月亮砣（上弦的样子）|月亮砣（下弦的样子）|高脚鹬|圣代甜甜（蓝莓草莓口味）|圣代甜甜（蓝莓抹茶口味）|圣代甜甜（蓝莓巧克力口味）|圣代甜甜（杨桃草莓口味）|圣代甜甜（杨桃抹茶口味）|圣代甜甜（杨桃巧克力口味）|圣代甜甜（樱桃草莓口味）|圣代甜甜（樱桃抹茶口味）|展开全部 60 只精灵
快速移动,普通,状态,1,0,自己获得速度+70，应对防御：改为速度+140。,鸭吉吉（紧实的样子）|鸭吉吉（蓬松的样子）|鸭吉吉（起来鸭）|鸭吉吉国王（紧实的样子）|鸭吉吉国王（蓬松的样子）|鸭吉吉国王（起来鸭）|冬羽雀（本来的样子）|冬羽雀（春天的样子）|冬羽雀（秋天的样子）|冬羽雀（夏天的样子）|岚鸟（本来的样子）|岚鸟（春天的样子）|岚鸟（秋天的样子）|岚鸟（夏天的样子）|霜翼领主（本来的样子）|霜翼领主（春天的样子）|霜翼领主（秋天的样子）|霜翼领主（夏天的样子）|雪绒鸟（本来的样子）|雪绒鸟（春天的样子）|雪绒鸟（秋天的样子）|雪绒鸟（夏天的样子）|芋香巨角蛛|利灯鱼|化蝶（喵喵的样子）|化蝶（平常的样子）|化蝶（奇丽花的样子）|化蝶（幽冥眼的样子）|花衣蝶|兽花蕾|花魁蜂后|朔夜伊芙|彩蝶鲨|奇丽花|叮叮恶魔|锤头鹳|展开全部 89 只精灵
力量增效,普通,状态,1,0,自己获得物攻+100%。,迪莫|圣光迪莫|火花|火神|烈火战神|焰火|鸭吉吉（紧实的样子）|鸭吉吉（蓬松的样子）|鸭吉吉（起来鸭）|鸭吉吉国王（紧实的样子）|鸭吉吉国王（蓬松的样子）|鸭吉吉国王（起来鸭）|冬羽雀（本来的样子）|冬羽雀（春天的样子）|冬羽雀（秋天的样子）|冬羽雀（夏天的样子）|岚鸟（本来的样子）|岚鸟（春天的样子）|岚鸟（秋天的样子）|岚鸟（夏天的样子）|霜翼领主（本来的样子）|霜翼领主（春天的样子）|霜翼领主（秋天的样子）|霜翼领主（夏天的样子）|雪绒鸟（本来的样子）|雪绒鸟（春天的样子）|雪绒鸟（秋天的样子）|雪绒鸟（夏天的样子）|尖角蜘蛛|芋香巨角蛛|圆眼蜘蛛|风暴战犬|护主犬|音速犬|丢丢（草地附近的样子）|丢丢（沙地附近的样子）|展开全部 214 只精灵
连续爪击,普通,物理,2,20,造成物伤，2连击，应对状态：本次技能连击数翻倍。,芋香巨角蛛|卷胡巨獭|小鼠獭|燕尾獭|卡瓦重（草地附近的样子）|卡瓦重（沙地附近的样子）|卡瓦重（雪山附近的样子）|蒲公英娃娃|伊贝粉粉|瞌睡王|伏地兽|巨噬针鼹|贪食鼹|魔眷鸟|咔咔鸟|遁地鼠（储水期的样子）|遁地鼠（枯水期的样子）|影狸|声波缇塔|奔乐鹿|波普鹿|电动长颈鹿|爵士鹿|窃光蚊|皇家狮鹫（高山地的样子）|皇家狮鹫（崖间地的样子）|棋齐垒（白子）|棋齐垒（黑子）|棋骑士（白子）|棋骑士（黑子）|卷毛鸭|乌拉塔（极夜的样子）|乌拉塔（极昼的样子）|帕帕斯卡|波多西|寒音蛇|展开全部 49 只精灵
乱打,普通,魔法,4,20,造成魔伤，5连击。,炽心勇狮|琉璃水母|海豹船长|黑猫密探|黑猫巫师|小黑猫
落星,普通,物理,0,40,对敌方精灵造成物理伤害。,尖角蜘蛛|芋香巨角蛛|圆眼蜘蛛|卷胡巨獭|小鼠獭|燕尾獭|抱枕松鼠|蹦床松鼠|绿耳松鼠|果冻|抹茶布丁|熔岩布丁|椰浆布丁|多灵|多灵主|耳翎瑰魅|瑰眼仔|邪眼巨魔|卡波|卡拉波斯|绒绒|绒仙子|小绒茧|学院呱呱
埋伏,普通,魔法,4,30,造成魔伤，3连击，若敌方本回合替换精灵，本次技能连击数+4。,梦悠悠（穿旧睡衣的样子）|星光狮（星光能量的样子）|星光狮（月光能量的样子）|咔咔鸟|菊花梨|窃光蚊|公平鸽|鳗尾兽|寒音蛇|格兰球|电企鹅
猛烈撞击,普通,物理,1,60,对敌方精灵造成物理伤害。,迪莫|圣光迪莫|火花|火神|烈火战神|焰火|鸭吉吉（紧实的样子）|鸭吉吉（蓬松的样子）|鸭吉吉（起来鸭）|鸭吉吉国王（紧实的样子）|鸭吉吉国王（蓬松的样子）|鸭吉吉国王（起来鸭）|卡瓦重（草地附近的样子）|卡瓦重（沙地附近的样子）|卡瓦重（雪山附近的样子）|记忆石|魔眷鸟|咔咔鸟|咔咔雀|咔咔羽毛|遁地鼠（储水期的样子）|遁地鼠（枯水期的样子）|翼龙|影狸|獠牙猪|皇家狮鹫（高山地的样子）|皇家狮鹫（崖间地的样子）|棋齐垒（白子）|棋齐垒（黑子）|棋祈督（白子）|棋祈督（黑子）|棋骑士（白子）|棋骑士（黑子）|棋棋（白子）|棋棋（黑子）|棋绮后（白子）|展开全部 51 只精灵
魔法增效,普通,状态,0,0,自己获得魔攻+70%。,权|权杖-Ⅴ|迪莫|圣光迪莫|波波拉|圣水守护|水蓝蓝|水灵|鸭吉吉（紧实的样子）|鸭吉吉（蓬松的样子）|鸭吉吉（起来鸭）|板板壳（本来的样子）|板板壳（蜕皮时的样子）|咔咔壳（本来的样子）|咔咔壳（蜕皮时的样子）|水泡壳（本来的样子）|水泡壳（蜕皮时的样子）|红绒十字|晶石蜗（火山琉璃的样子）|晶石蜗（蓝锥矿的样子）|晶石蜗（莲花刚玉的样子）|晶石蜗（烧蓝黄金的样子）|晶石蜗（西瓜碧玺的样子）|晶石蜗（星彩榴石的样子）|矿晶虫|钻石蜗（火山琉璃的样子）|钻石蜗（蓝锥矿的样子）|钻石蜗（莲花刚玉的样子）|钻石蜗（烧蓝黄金的样子）|钻石蜗（西瓜碧玺的样子）|钻石蜗（星彩榴石的样子）|利灯鱼|双灯鱼|记忆石|幽影树|蒲公英娃娃|梦悠悠（穿旧睡衣的样子）|展开全部 173 只精灵
魔能爆,普通,魔法,0,1,造成魔伤，释放时消耗所有能量，消耗越多，伤害越高。,水灵|鸭吉吉（紧实的样子）|鸭吉吉（蓬松的样子）|鸭吉吉（起来鸭）|水泡壳（本来的样子）|水泡壳（蜕皮时的样子）|卷胡巨獭|电球咩咩|地鼠（储水期的样子）|地鼠（枯水期的样子）|遁地鼠（储水期的样子）|遁地鼠（枯水期的样子）|遁鼠（储水期的样子）|遁鼠（枯水期的样子）|风滚暮虫（金黄的样子）|风滚暮虫（枯叶的样子）|蓬叶虫（金黄的样子）|蓬叶虫（枯叶的样子）|旋叶虫（金黄的样子）|旋叶虫（枯叶的样子）|巨灵石|炽心勇狮|里拉鳐|多菇丁|菇菇丁|九幽菇|抹茶布丁|熔岩布丁|椰浆布丁|荆棘电环|深蓝鲸|多灵|多灵主|黑猫巫师|画间沉铁兽|画间法师手|展开全部 38 只精灵
能量炮,普通,魔法,3,50,造成魔伤，2连击。,幻影灵菇|利灯鱼|双灯鱼|彩蝶鲨|风铃鲨|蓝蝶鲨|神谕鲨|奇丽草|奇丽果|奇丽花|奇丽叶|咔咔鸟|冰封怨灵|雪灵|雪娃娃|鄙目鹬|高脚鹬|小鹬|裘卡|裘力|裘洛|画间沉铁兽|画间法师手
能量刃,普通,物理,3,70,造成物伤，每应对成功1次，本技能威力永久+90。,瞌睡王|针叶巡林|帕帕斯卡|画间沉铁兽|画间法师手|古卷匣魔像|古卷执政官|书卷守护|书魔虫|混乱鱿彩|墨鱿士|秩序鱿墨
逆袭,普通,物理,3,100,造成物伤，本技能能耗每+1，威力+45。,晶石蜗（火山琉璃的样子）|晶石蜗（蓝锥矿的样子）|晶石蜗（莲花刚玉的样子）|晶石蜗（烧蓝黄金的样子）|晶石蜗（西瓜碧玺的样子）|晶石蜗（星彩榴石的样子）|绿翼鸟|魔眷鸟|魔翼鸟
拍击,普通,魔法,1,60,对敌方精灵造成魔法伤害。,波波拉|圣水守护|水蓝蓝|水灵|鸭吉吉（紧实的样子）|鸭吉吉（蓬松的样子）|鸭吉吉（起来鸭）|芋香巨角蛛|音速犬|抱枕松鼠|蹦床松鼠|绿耳松鼠|嘟嘟煲|嘟嘟锅|蒲公英娃娃|梦悠悠（穿旧睡衣的样子）|梦悠悠（穿星星睡衣的样子）|梦游（穿旧睡衣的样子）|梦游（穿星星睡衣的样子）|星光狮（星光能量的样子）|星光狮（月光能量的样子）|花魁蜂后|牵线木偶|帅帅魔偶|风滚暮虫（金黄的样子）|风滚暮虫（枯叶的样子）|蓬叶虫（金黄的样子）|蓬叶虫（枯叶的样子）|旋叶虫（金黄的样子）|旋叶虫（枯叶的样子）|菊花梨|针叶巡林|龙鱼|海枝枝（碧蓝珊瑚）|海枝枝（翠绿纶布）|海枝枝（杏黄百合）|展开全部 66 只精灵
咆哮,普通,状态,1,0,敌方获得物攻-130%。,鸭吉吉（紧实的样子）|鸭吉吉（蓬松的样子）|鸭吉吉（起来鸭）|鸭吉吉国王（紧实的样子）|鸭吉吉国王（蓬松的样子）|鸭吉吉国王（起来鸭）|卷胡巨獭|小鼠獭|燕尾獭|化蝶（喵喵的样子）|化蝶（平常的样子）|化蝶（奇丽花的样子）|化蝶（幽冥眼的样子）|朔夜伊芙|小夜|紫夜|锤头鹳|龙鱼|荆棘电环|多灵|多灵主|卡波|卡拉波斯
迫近攻击,普通,物理,3,80,造成物伤。每次使用后，本技能威力永久+40。,兽花蕾|棋齐垒（白子）|棋齐垒（黑子）|棋祈督（白子）|棋祈督（黑子）|棋骑士（白子）|棋骑士（黑子）|棋绮后（白子）|棋绮后（黑子）|耳翎瑰魅|瑰眼仔|邪眼巨魔
气势一击,普通,物理,3,60,造成物伤，若上回合应对成功，本次技能威力+240。,抱枕松鼠|蹦床松鼠|绿耳松鼠|牵线木偶|帅帅魔偶|乌拉塔（极夜的样子）|乌拉塔（极昼的样子）|铠甲虫
倾泻,普通,魔法,3,60,造成魔伤，若本次攻击未被防御或技能应对，则驱散双方所有印记。,利灯鱼|双灯鱼|蒲公英|蒲公英娃娃|花魁蜂后|魔眷鸟|白金独角兽|风滚暮虫（金黄的样子）|风滚暮虫（枯叶的样子）|菊花梨|古啦多|高脚鹬|圣代甜甜（蓝莓草莓口味）|圣代甜甜（蓝莓抹茶口味）|圣代甜甜（蓝莓巧克力口味）|圣代甜甜（杨桃草莓口味）|圣代甜甜（杨桃抹茶口味）|圣代甜甜（杨桃巧克力口味）|圣代甜甜（樱桃草莓口味）|圣代甜甜（樱桃抹茶口味）|圣代甜甜（樱桃巧克力口味）|爵士鹿|荆棘电环|窃光蚊|斑枭|皇家狮鹫（高山地的样子）|皇家狮鹫（崖间地的样子）|棋骑士（白子）|棋骑士（黑子）|噼啪鸟|夜枭|螺旋帕帕|帕帕斯卡|绅士鸡|武者鸡|燃薪虫|展开全部 51 只精灵
取念,普通,状态,0,0,每回合随机变成敌方任意精灵的技能，且该技能能耗-2。,幻影灵菇|卷胡巨獭|卡瓦重（草地附近的样子）|卡瓦重（沙地附近的样子）|卡瓦重（雪山附近的样子）|蹦床松鼠|暗影灵面（闭眼的样子）|暗影灵面（睁眼的样子）|小灵面|幽冥眼（闭眼的样子）|幽冥眼（睁眼的样子）|嘟嘟煲|嘟嘟锅|化蝶（喵喵的样子）|化蝶（平常的样子）|化蝶（奇丽花的样子）|化蝶（幽冥眼的样子）|电球咩咩|蒲公英娃娃|魔草巫灵|朔夜伊芙|奇丽花|锤头鹳|仪式巨像|牵线木偶|帅帅魔偶|遁地鼠（储水期的样子）|遁地鼠（枯水期的样子）|翼龙|影狸|雪巨人|巨灵石|月亮砣（上弦的样子）|月亮砣（下弦的样子）|里拉鳐|海豹船长|展开全部 65 只精灵
热身运动,普通,状态,2,0,自己获得连击数+3。,鸭吉吉（紧实的样子）|鸭吉吉（蓬松的样子）|鸭吉吉（起来鸭）|鸭吉吉国王（紧实的样子）|鸭吉吉国王（蓬松的样子）|鸭吉吉国王（起来鸭）|岚鸟（本来的样子）|岚鸟（春天的样子）|岚鸟（秋天的样子）|岚鸟（夏天的样子）|幻影灵菇|卡瓦重（沙地附近的样子）|卡瓦重（雪山附近的样子）|蹦床松鼠|嘟嘟锅|蹦蹦花（彩玉球形态）|蹦蹦花（短毛球形态）|蹦蹦花（海神球形态）|蹦蹦花（象牙球形态）|电球咩咩|蒲公英娃娃|伊贝儿|伊贝粉粉|梦悠悠（穿旧睡衣的样子）|梦悠悠（穿星星睡衣的样子）|梦游（穿旧睡衣的样子）|梦游（穿星星睡衣的样子）|伏地兽|巨噬针鼹|贪食鼹|星光狮（星光能量的样子）|星光狮（月光能量的样子）|花魁蜂后|朔夜伊芙|彩蝶鲨|奇丽花|展开全部 102 只精灵
锐利眼神,普通,状态,2,0,敌方获得物防和魔防-120%。,火神|晶石蜗（火山琉璃的样子）|晶石蜗（蓝锥矿的样子）|晶石蜗（莲花刚玉的样子）|晶石蜗（烧蓝黄金的样子）|晶石蜗（西瓜碧玺的样子）|晶石蜗（星彩榴石的样子）|蹦床松鼠|翠顶夫人|黑羽夫人|罗隐|鄙目鹬|高脚鹬|小鹬|公平鸽|皇家狮鹫（高山地的样子）|皇家狮鹫（崖间地的样子）|卡波|卡拉波斯|寂灭骨龙|龙息帕尔|烈火守护|怒目怂猫|矮脚爬爬|恶魔红钻|绒光优优
三鼓作气,普通,状态,3,—,提升自身30%物攻，3连击。,当前还没有整理到可学习精灵数据。
扫尾,普通,物理,2,80,对敌方精灵造成物理伤害。,喵喵|喵呜|魔力猫|叶冕魔力猫|鸭吉吉（紧实的样子）|鸭吉吉（蓬松的样子）|鸭吉吉（起来鸭）|鸭吉吉国王（紧实的样子）|鸭吉吉国王（蓬松的样子）|鸭吉吉国王（起来鸭）|画间沉铁兽|画间法师手|画精灵|画像守护
晒太阳,普通,状态,1,0,驱散敌方所有增益。,权|权杖-Ⅴ|魔力猫|火花|火神|烈火战神|焰火|芋香巨角蛛|红绒十字|音速犬|卡瓦重（草地附近的样子）|卡瓦重（沙地附近的样子）|卡瓦重（雪山附近的样子）|千棘盔（本来的样子）|千棘盔（磨损的样子）|嘟嘟锅|化蝶（喵喵的样子）|化蝶（平常的样子）|化蝶（奇丽花的样子）|化蝶（幽冥眼的样子）|记忆石|立方人|蹦蹦花（彩玉球形态）|蹦蹦花（短毛球形态）|蹦蹦花（海神球形态）|蹦蹦花（象牙球形态）|蒲公英娃娃|花衣蝶|白发懒人|动力猿|瞌睡王|魔草巫灵|兽花蕾|小星光（星光能量的样子）|星光狮（星光能量的样子）|星光狮（月光能量的样子）|朔夜伊芙|展开全部 117 只精灵
嗜痛,普通,状态,2,0,减伤70%，应对攻击：期间自己每次受到伤害，获得双攻+20%。,水灵|鸭吉吉（紧实的样子）|鸭吉吉（蓬松的样子）|晶石蜗（火山琉璃的样子）|晶石蜗（蓝锥矿的样子）|晶石蜗（莲花刚玉的样子）|晶石蜗（烧蓝黄金的样子）|晶石蜗（西瓜碧玺的样子）|晶石蜗（星彩榴石的样子）|卷胡巨獭|化蝶（喵喵的样子）|化蝶（平常的样子）|化蝶（奇丽花的样子）|化蝶（幽冥眼的样子）|伊贝粉粉|魔草巫灵|石冠王蜥（本来的样子）|石冠王蜥（球球尾巴的样子）|翠顶夫人|黑羽夫人|布克棱岩|古啦多|怖哭菇|怖须菇|哭哭菇|炽心勇狮|游蛇魔使|闪电鳗鱼|公平鸽|嗜波螺|鳗尾兽|波多西|燃薪虫|铠甲虫|寂灭骨龙|粉耳星兔|展开全部 40 只精灵
天旋地转,普通,物理,3,55,造成物理伤害，先手+1，迸发：本次技能威力+30。,丢丢（草地附近的样子）|丢丢（沙地附近的样子）|丢丢（雪山附近的样子）|卡卡虫（草地附近的样子）|卡卡虫（沙地附近的样子）|卡卡虫（雪山附近的样子）|卡瓦重（草地附近的样子）|卡瓦重（沙地附近的样子）|卡瓦重（雪山附近的样子）|公平鸽|噼啪鸟|卡波|卡拉波斯|陨星虫
偷袭,普通,物理,3,85,造成物伤，应对状态：本次技能威力变为3倍。,岚鸟（本来的样子）|岚鸟（春天的样子）|岚鸟（秋天的样子）|岚鸟（夏天的样子）|晶石蜗（火山琉璃的样子）|晶石蜗（蓝锥矿的样子）|晶石蜗（莲花刚玉的样子）|晶石蜗（烧蓝黄金的样子）|晶石蜗（西瓜碧玺的样子）|晶石蜗（星彩榴石的样子）|音速犬|卡瓦重（草地附近的样子）|记忆石|电球咩咩|白发懒人|动力猿|瞌睡王|伏地兽|巨噬针鼹|贪食鼹|叮叮恶魔|布克棱岩|遁地鼠（枯水期的样子）|翼龙|雪巨人|针叶巡林|声波缇塔|爵士鹿|荆棘电环|皇家狮鹫（高山地的样子）|皇家狮鹫（崖间地的样子）|圣剑-X|卷毛鸭|螺旋帕帕|帕帕斯卡|迷迷箱怪|展开全部 51 只精灵
突袭,普通,魔法,2,50,造成魔伤，应对状态：本次技能威力变为3倍。,水灵|水泡壳（本来的样子）|水泡壳（蜕皮时的样子）|抱枕松鼠|蹦床松鼠|绿耳松鼠|彩蝶鲨|白金独角兽|彩虹独角兽|小独角兽|怖哭菇|怖须菇|哭哭菇|獠牙猪|海枝枝（碧蓝珊瑚）|海枝枝（翠绿纶布）|海枝枝（杏黄百合）|海枝枝（洋红沙丁）|抹茶布丁|熔岩布丁|椰浆布丁|深蓝鲸|伊兰龙|伊兰亚龙|伊雷龙|夜枭|格兰球|多灵|多灵主|画间沉铁兽|画间法师手|画精灵|画像守护|古卷匣魔像|古卷执政官|书卷守护|展开全部 43 只精灵
退化,普通,状态,2,0,敌方获得1层萌化。,红绒十字|化蝶（喵喵的样子）|化蝶（平常的样子）|化蝶（奇丽花的样子）|化蝶（幽冥眼的样子）|伊贝粉粉|兽花蕾|古啦多|公平鸽|逗逗|梦想三三|奇梦咪|气球猫|嗜波螺|迷迷箱怪|卡波|卡拉波斯|绒仙子|绒光优优
吞噬,普通,物理,6,135,造成物伤，若释放本技能击败敌方，回复6能量。,卷胡巨獭|音速犬|蒲公英娃娃|瞌睡王|伏地兽|巨噬针鼹|贪食鼹|龙鱼|公平鸽|多灵|多灵主|耳翎瑰魅|瑰眼仔|邪眼巨魔|画间沉铁兽|画间法师手|古卷匣魔像|古卷执政官|书卷守护|书魔虫
无畏之心,普通,状态,5,0,减伤100%，应对攻击：减免的伤害变为回复自己生命，且本技能能耗永久+2。,权|权杖-Ⅴ|水泡壳（本来的样子）|水泡壳（蜕皮时的样子）|幻影灵菇|红绒十字|抱枕松鼠|蹦床松鼠|绿耳松鼠|伊贝儿|伊贝粉粉|花衣蝶|兽花蕾|石冠王蜥（本来的样子）|石冠王蜥（球球尾巴的样子）|怖哭菇|雪巨人|权杖-II|权杖-V|雪影娃娃|里拉鳐|嗜波螺|燃薪虫|迷迷箱怪|铠甲虫|寂灭骨龙|黑猫巫师|古卷匣魔像|古卷执政官|卡洛儿|春花兔|贝古斯|流浪鼠|秩序鱿墨|月牙雪熊
吓退,普通,状态,2,0,减伤70%，应对攻击：敌方脱离。,水灵|鸭吉吉（紧实的样子）|鸭吉吉（蓬松的样子）|鸭吉吉（起来鸭）|鸭吉吉国王（紧实的样子）|鸭吉吉国王（蓬松的样子）|鸭吉吉国王（起来鸭）|幻影灵菇|卷胡巨獭|抱枕松鼠|蹦床松鼠|绿耳松鼠|幽冥眼（闭眼的样子）|幽冥眼（睁眼的样子）|嘟嘟锅|电球咩咩|布克棱岩|古啦多|怖哭菇|巨灵石|月亮砣（上弦的样子）|月亮砣（下弦的样子）|琉璃水母|高脚鹬|棋齐垒（白子）|棋齐垒（黑子）|鳗尾兽|波多西|迷迷箱怪|铠甲虫|小甲虫|寂灭骨龙|粉耳星兔|落陨星兔|小皮球|落星虫|展开全部 40 只精灵
先发制人,普通,物理,2,55,造成物理伤害，先手+1。,冬羽雀（本来的样子）|冬羽雀（春天的样子）|冬羽雀（秋天的样子）|冬羽雀（夏天的样子）|岚鸟（本来的样子）|岚鸟（春天的样子）|岚鸟（秋天的样子）|岚鸟（夏天的样子）|霜翼领主（本来的样子）|霜翼领主（春天的样子）|霜翼领主（秋天的样子）|霜翼领主（夏天的样子）|雪绒鸟（本来的样子）|雪绒鸟（春天的样子）|雪绒鸟（秋天的样子）|雪绒鸟（夏天的样子）|多彩方方|机械方方|立方人|电咩咩|电球咩咩|粉咩咩|伊贝儿|伊贝粉粉|白发懒人|动力猿|瞌睡王|绿草精灵|魔草巫灵|伏地兽|巨噬针鼹|贪食鼹|翠顶夫人|乖乖鹄|黑羽夫人|蓝珠天鹅|展开全部 132 只精灵
消毒法,普通,魔法,4,105,造成魔伤，驱散敌方5层增益。,彩蝶鲨|牵线木偶|帅帅魔偶|闪电鳗鱼|里拉鳐|海枝枝（碧蓝珊瑚）|海枝枝（翠绿纶布）|海枝枝（杏黄百合）|海枝枝（洋红沙丁）|多灵|多灵主|耳翎瑰魅|瑰眼仔|邪眼巨魔|卡波|卡拉波斯|雅丹鬃
星星撞击,普通,魔攻,2,80,对敌方精灵造成魔法伤害。,迪莫|魔力猫|火神|鸭吉吉（紧实的样子）|鸭吉吉（蓬松的样子）|水泡壳（本来的样子）|水泡壳（蜕皮时的样子）|岚鸟（本来的样子）|岚鸟（春天的样子）|岚鸟（秋天的样子）|岚鸟（夏天的样子）|红绒十字|卷胡巨獭|蹦床松鼠|千棘盔（本来的样子）|千棘盔（磨损的样子）|利灯鱼|幽影树|蹦蹦花（彩玉球形态）|蹦蹦花（短毛球形态）|蹦蹦花（海神球形态）|蹦蹦花（象牙球形态）|电球咩咩|瞌睡王|巨噬针鼹|兽花蕾|石冠王蜥（本来的样子）|石冠王蜥（球球尾巴的样子）|彩蝶鲨|叮叮恶魔|罗隐|恶魔狼|仪式巨像|咔咔鸟|白金独角兽|风滚暮虫（金黄的样子）|展开全部 82 只精灵
休息回复,普通,状态,2,0,自己回复30%生命。,权|权杖-Ⅴ|喵喵|喵呜|魔力猫|叶冕魔力猫|鸭吉吉（紧实的样子）|鸭吉吉（蓬松的样子）|鸭吉吉（起来鸭）|鸭吉吉国王（紧实的样子）|鸭吉吉国王（蓬松的样子）|鸭吉吉国王（起来鸭）|抱枕松鼠|蹦床松鼠|绿耳松鼠|幽冥眼（闭眼的样子）|幽冥眼（睁眼的样子）|嘟嘟锅|化蝶（喵喵的样子）|化蝶（平常的样子）|化蝶（奇丽花的样子）|化蝶（幽冥眼的样子）|幽影树|立方人|花衣蝶|梦悠悠（穿旧睡衣的样子）|魔草巫灵|巨噬针鼹|朔夜伊芙|奇丽花|锤头鹳|花影羚羊|怖哭菇|雪灵|巨灵石|游蛇魔使|月亮砣（上弦的样子）|展开全部 60 只精灵
许愿星,普通,魔法,3,100,对敌方精灵造成魔法伤害。,鸭吉吉（紧实的样子）|鸭吉吉（蓬松的样子）|鸭吉吉（起来鸭）|暗影灵面（闭眼的样子）|暗影灵面（睁眼的样子）|小灵面|幽冥眼（闭眼的样子）|幽冥眼（睁眼的样子）|刺盔虫（本来的样子）|刺盔虫（磨损的样子）|海盔虫（本来的样子）|海盔虫（磨损的样子）|千棘海针（本来的样子）|千棘海针（磨损的样子）|千棘盔（本来的样子）|千棘盔（磨损的样子）|蹦蹦花（彩玉球形态）|蹦蹦花（短毛球形态）|蹦蹦花（海神球形态）|蹦蹦花（象牙球形态）|牵线木偶|帅帅魔偶|白金独角兽|彩虹独角兽|小独角兽|抹茶布丁|熔岩布丁|椰浆布丁|号儿鱼|圆号鱼|圣剑-X|黑猫密探|黑猫巫师|小黑猫|画间沉铁兽|画间法师手|展开全部 45 只精灵
蓄能轰击,普通,魔法,6,120,造成魔伤，每使用1次其他普通系技能，本技能能耗永久-2。,鸭吉吉（紧实的样子）|鸭吉吉（蓬松的样子）|鸭吉吉（起来鸭）|抱枕松鼠|蹦床松鼠|绿耳松鼠|公平鸽|鳗尾兽|古卷匣魔像|古卷执政官
旋转突击,普通,物理,3,30,造成物伤，3连击。,鸭吉吉（紧实的样子）|鸭吉吉（蓬松的样子）|鸭吉吉（起来鸭）|鸭吉吉国王（紧实的样子）|鸭吉吉国王（蓬松的样子）|鸭吉吉国王（起来鸭）|抱枕松鼠|蹦床松鼠|绿耳松鼠|咔咔鸟|咔咔雀|咔咔羽毛|多多|多啦多|古啦多|冰封怨灵|雪灵|雪娃娃|脆筒甜甜|圣代甜甜（蓝莓草莓口味）|圣代甜甜（蓝莓抹茶口味）|圣代甜甜（蓝莓巧克力口味）|圣代甜甜（杨桃草莓口味）|圣代甜甜（杨桃抹茶口味）|圣代甜甜（杨桃巧克力口味）|圣代甜甜（樱桃草莓口味）|圣代甜甜（樱桃抹茶口味）|圣代甜甜（樱桃巧克力口味）|香草甜甜（蓝莓饰品）|香草甜甜（杨桃饰品）|香草甜甜（樱桃饰品）|古钟蛇|古钟蛇（本命年的样子）|寒音蛇|寒音蛇（本命年的样子）|裘卡|展开全部 41 只精灵
血气,普通,状态,2,0,减伤60%，应对攻击：本回合受到致命伤害时，保留1生命值。,幻影灵菇|晶石蜗（火山琉璃的样子）|晶石蜗（蓝锥矿的样子）|晶石蜗（莲花刚玉的样子）|晶石蜗（烧蓝黄金的样子）|晶石蜗（西瓜碧玺的样子）|晶石蜗（星彩榴石的样子）|卷胡巨獭|蹦床松鼠|电球咩咩|伊贝儿|伊贝粉粉|石刺蜥（本来的样子）|石刺蜥（球球尾巴的样子）|石肤蜥（本来的样子）|石肤蜥（球球尾巴的样子）|石冠王蜥（本来的样子）|石冠王蜥（球球尾巴的样子）|翠顶夫人|黑羽夫人|怖哭菇|怖须菇|哭哭菇|炽心勇狮|闪电鳗鱼|琉璃水母|抹茶布丁|熔岩布丁|椰浆布丁|嗜波螺|鳗尾兽|燃薪虫|铠甲虫|古卷匣魔像|古卷执政官|格斗小八|展开全部 38 只精灵
压扁,普通,物理,5,140,对敌方精灵造成物理伤害。,火神|白发懒人|动力猿|瞌睡王|巨噬针鼹|雪巨人|刺轮砣（上弦的样子）|刺轮砣（下弦的样子）|月亮砣（上弦的样子）|月亮砣（下弦的样子）|迷迷箱怪|画间沉铁兽|火焰猿|月牙雪熊
湮灭,普通,魔法,5,140,对敌方精灵造成魔法伤害。,千棘盔（本来的样子）|千棘盔（磨损的样子）|翡翠水母|琉璃水母|伊兰龙|伊兰亚龙|伊雷龙|多灵|多灵主|粉粉星|小皮球|画间沉铁兽|画间法师手|古卷匣魔像|古卷执政官
摇篮曲,普通,状态,5,0,敌方获得全技能能耗+3，应对防御：额外造成打断，且敌方下回合获得眩晕。,权|权杖-Ⅴ|魔力猫|鸭吉吉（紧实的样子）|鸭吉吉（蓬松的样子）|红绒十字|音速犬|卡瓦重（草地附近的样子）|卡瓦重（沙地附近的样子）|卡瓦重（雪山附近的样子）|幽冥眼（闭眼的样子）|幽冥眼（睁眼的样子）|利灯鱼|嘟嘟锅|化蝶（喵喵的样子）|化蝶（平常的样子）|化蝶（奇丽花的样子）|化蝶（幽冥眼的样子）|梦悠悠（穿旧睡衣的样子）|伏地兽|巨噬针鼹|贪食鼹|星光狮（星光能量的样子）|魔眷鸟|风滚暮虫（金黄的样子）|风滚暮虫（枯叶的样子）|蓬叶虫（金黄的样子）|蓬叶虫（枯叶的样子）|旋叶虫（金黄的样子）|旋叶虫（枯叶的样子）|菊花梨|雪灵|游蛇魔使|月亮砣（上弦的样子）|月亮砣（下弦的样子）|里拉鳐|海枝枝（碧蓝珊瑚）|展开全部 52 只精灵
耀眼,普通,状态,1,0,敌方获得连击数-4。,晶石蜗（火山琉璃的样子）|晶石蜗（蓝锥矿的样子）|晶石蜗（莲花刚玉的样子）|晶石蜗（烧蓝黄金的样子）|晶石蜗（西瓜碧玺的样子）|晶石蜗（星彩榴石的样子）|抱枕松鼠|蹦床松鼠|绿耳松鼠|利灯鱼|电球咩咩|伊贝儿|伊贝粉粉|白金独角兽|怖哭菇|怖须菇|哭哭菇|闪电鳗鱼|琉璃水母|落星虫|星尘虫|陨星虫|火红尾|雅丹鬃
以重制重,普通,物理,3,0,造成物伤，敌方体重越高，本次技能威力越高。,岚鸟（本来的样子）|岚鸟（春天的样子）|岚鸟（秋天的样子）|岚鸟（夏天的样子）|矮脚爬爬|恶魔红钻
音爆,普通,魔法,4,120,对敌方精灵造成魔法伤害。,蹦床松鼠|记忆石|伊贝粉粉|古啦多|闪电鳗鱼|深蓝鲸|空空颅|夜宿颅|夜枭|迷迷箱怪|粉耳星兔|粉星仔|黑猫密探|黑猫巫师|小黑猫|卡洛儿|电企鹅|绒光优优
音波弹,普通,魔法,1,60,造成魔伤，1连击。,鸭吉吉（紧实的样子）|鸭吉吉（蓬松的样子）|鸭吉吉（起来鸭）|晶石蜗（火山琉璃的样子）|晶石蜗（蓝锥矿的样子）|晶石蜗（莲花刚玉的样子）|晶石蜗（烧蓝黄金的样子）|晶石蜗（西瓜碧玺的样子）|晶石蜗（星彩榴石的样子）|矿晶虫|钻石蜗（火山琉璃的样子）|钻石蜗（蓝锥矿的样子）|钻石蜗（莲花刚玉的样子）|钻石蜗（烧蓝黄金的样子）|钻石蜗（西瓜碧玺的样子）|钻石蜗（星彩榴石的样子）|抱枕松鼠|蹦床松鼠|绿耳松鼠|石刺蜥（本来的样子）|石刺蜥（球球尾巴的样子）|石肤蜥（本来的样子）|石肤蜥（球球尾巴的样子）|石冠王蜥（本来的样子）|石冠王蜥（球球尾巴的样子）|朔夜伊芙|小夜|紫夜|咔咔鸟|咔咔雀|咔咔羽毛|风滚暮虫（金黄的样子）|风滚暮虫（枯叶的样子）|蓬叶虫（金黄的样子）|蓬叶虫（枯叶的样子）|旋叶虫（金黄的样子）|展开全部 37 只精灵
应激反应,普通,状态,2,0,自己回复25%生命，应对防御：改为回复50%生命。,权|权杖-Ⅴ|魔力猫|芋香巨角蛛|红绒十字|千棘盔（本来的样子）|千棘盔（磨损的样子）|嘟嘟锅|化蝶（喵喵的样子）|化蝶（平常的样子）|化蝶（奇丽花的样子）|化蝶（幽冥眼的样子）|记忆石|幽影树|多彩方方|机械方方|立方人|蹦蹦花（彩玉球形态）|蹦蹦花（短毛球形态）|蹦蹦花（海神球形态）|蹦蹦花（象牙球形态）|花衣蝶|白发懒人|动力猿|瞌睡王|魔草巫灵|兽花蕾|奇丽花|花影羚羊|恶魔狼|仪式巨像|咔咔鸟|翼龙|菊花梨|獠牙猪|尖嘴狐仙|雪影娃娃|展开全部 64 只精灵
有效预防,普通,状态,1,0,减伤50%，应对攻击：下一次行动获得先手+1。,权|权杖-Ⅴ|迪莫|水灵|水泡壳（本来的样子）|水泡壳（蜕皮时的样子）|岚鸟（本来的样子）|岚鸟（春天的样子）|岚鸟（秋天的样子）|岚鸟（夏天的样子）|晶石蜗（火山琉璃的样子）|晶石蜗（蓝锥矿的样子）|晶石蜗（莲花刚玉的样子）|晶石蜗（烧蓝黄金的样子）|晶石蜗（西瓜碧玺的样子）|晶石蜗（星彩榴石的样子）|卷胡巨獭|小鼠獭|燕尾獭|立方人|瞌睡王|巨噬针鼹|花魁蜂后|朔夜伊芙|奇丽花|布克棱岩|罗隐|恶魔狼|怖哭菇|怖须菇|哭哭菇|雪巨人|雪灵|炽心勇狮|海豹船长|海枝枝（碧蓝珊瑚）|海枝枝（翠绿纶布）|展开全部 66 只精灵
指指点点,普通,物攻,10,5,"造成物伤，10连击。

杀伤力不大，但......",当前还没有整理到可学习精灵数据。
重击,普通,物理,2,100,造成物伤，每次使用后，本技能能耗永久+1。,权|权杖-Ⅴ|魔力猫|利灯鱼|菊花梨|波多西|多灵|多灵主|春花兔|春兔|春团|怒目怂猫|小怂猫
抓挠,普通,物理,0,30,造成物伤，自己回复1能量。,喵喵|喵呜|魔力猫|叶冕魔力猫|幻灵菇|幻影灵菇|小灵菇|卷胡巨獭|小鼠獭|燕尾獭|抱枕松鼠|蹦床松鼠|绿耳松鼠|草衣虫|花衣蝶|小草虫|伏地兽|巨噬针鼹|贪食鼹|叮叮恶魔|恶魔叮|地鼠（储水期的样子）|地鼠（枯水期的样子）|遁地鼠（储水期的样子）|遁地鼠（枯水期的样子）|遁鼠（储水期的样子）|遁鼠（枯水期的样子）|小翼龙|翼龙|忽幽狸|影狸
追打,普通,魔法,3,65,造成魔伤，1连击，应对状态：本技能变为3连击。,蹦床松鼠|记忆石|蒲公英娃娃|小星光（星光能量的样子）|星光狮（星光能量的样子）|花魁蜂后|彩蝶鲨|咔咔鸟|咔咔雀|咔咔羽毛|白金独角兽|风滚暮虫（金黄的样子）|风滚暮虫（枯叶的样子）|蓬叶虫（金黄的样子）|蓬叶虫（枯叶的样子）|旋叶虫（金黄的样子）|旋叶虫（枯叶的样子）|菊花梨|龙鱼|闪电鳗鱼|海枝枝（碧蓝珊瑚）|海枝枝（翠绿纶布）|海枝枝（杏黄百合）|海枝枝（洋红沙丁）|嗜波螺|圣剑-X|酷拉|寒音蛇|格兰球|陨星虫|画间法师手|雅丹鬃
阻断,普通,魔法,2,70,造成魔伤，应对状态：额外打断被应对技能。,火神|卷胡巨獭|利灯鱼|梦悠悠（穿旧睡衣的样子）|伏地兽|巨噬针鼹|贪食鼹|星光狮（星光能量的样子）|星光狮（月光能量的样子）|魔眷鸟|白金独角兽|彩虹独角兽|小独角兽|风滚暮虫（金黄的样子）|风滚暮虫（枯叶的样子）|菊花梨|炽心勇狮|圣代甜甜（蓝莓草莓口味）|圣代甜甜（蓝莓抹茶口味）|圣代甜甜（蓝莓巧克力口味）|圣代甜甜（杨桃草莓口味）|圣代甜甜（杨桃抹茶口味）|圣代甜甜（杨桃巧克力口味）|圣代甜甜（樱桃草莓口味）|圣代甜甜（樱桃抹茶口味）|圣代甜甜（樱桃巧克力口味）|抹茶布丁|熔岩布丁|椰浆布丁|声波缇塔|缇塔|刺电环|荆棘电环|闪电环|窃光蚊|斑枭|展开全部 50 只精灵
孢子爆散,草,物理,3,30,造成物伤，1连击，每次使用后，本技能连击数永久+2。,幻影灵菇|丢丢（草地附近的样子）|丢丢（沙地附近的样子）|丢丢（雪山附近的样子）|卡卡虫（草地附近的样子）|卡卡虫（沙地附近的样子）|卡卡虫（雪山附近的样子）|卡瓦重（草地附近的样子）|卡瓦重（沙地附近的样子）|卡瓦重（雪山附近的样子）|白发路路|呆小路|舞动路路
抽枝,草,物理,4,85,造成物伤，应对状态：自己回复50%生命和5能量。,迪莫|岚鸟（春天的样子）|幻灵菇|幻影灵菇|小灵菇|丢丢（草地附近的样子）|丢丢（沙地附近的样子）|丢丢（雪山附近的样子）|卡卡虫（草地附近的样子）|卡卡虫（沙地附近的样子）|卡卡虫（雪山附近的样子）|卡瓦重（草地附近的样子）|卡瓦重（沙地附近的样子）|卡瓦重（雪山附近的样子）|记忆石|蒲公英|蒲公英娃娃|伊贝儿|伊贝粉粉|咔咔鸟|松叶羊|松仔|针叶巡林|草头鸭|卷毛鸭|花怨鳗|鳗尾兽|柴渣虫|燃薪虫|格兰花|格兰球|格兰种子|春花兔|春兔|春团
顶端优势,草,物理,3,100,对敌方精灵造成物理伤害。,丢丢（草地附近的样子）|丢丢（沙地附近的样子）|丢丢（雪山附近的样子）|卡卡虫（草地附近的样子）|卡卡虫（沙地附近的样子）|卡卡虫（雪山附近的样子）|卡瓦重（草地附近的样子）|卡瓦重（沙地附近的样子）|卡瓦重（雪山附近的样子）|记忆石|蒲公英|蒲公英娃娃|兽花蕾|奇丽草|奇丽果|奇丽花|奇丽叶|怖哭菇|松叶羊|松仔|针叶巡林|草头鸭|卷毛鸭|燃薪虫|怒目怂猫
芳香诱引,草,状态,1,0,自己获得连击数+3，应对防御：额外造成打断，且敌方下回合获得眩晕。,幽影树|蹦蹦草（彩玉球形态）|蹦蹦草（短毛球形态）|蹦蹦草（海神球形态）|蹦蹦草（象牙球形态）|蹦蹦果（彩玉球形态）|蹦蹦果（短毛球形态）|蹦蹦果（海神球形态）|蹦蹦果（象牙球形态）|蹦蹦花（彩玉球形态）|蹦蹦花（短毛球形态）|蹦蹦花（海神球形态）|蹦蹦花（象牙球形态）|蹦蹦种子（彩玉球形态）|蹦蹦种子（短毛球形态）|蹦蹦种子（海神球形态）|蹦蹦种子（象牙球形态）|草衣虫|花衣蝶|小草虫|魔草巫灵|兽花蕾|奇丽草|奇丽果|奇丽花|奇丽叶|花影羚羊|多菇丁|菇菇丁|九幽菇|白发路路|春花兔|春兔|春团
飞叶,草,物理,0,40,对敌方精灵造成物理伤害。,草衣虫|花衣蝶|小草虫
丰饶,草,状态,3,0,自己获得物攻和魔攻+130%。,喵喵|喵呜|魔力猫|叶冕魔力猫|丢丢（草地附近的样子）|丢丢（沙地附近的样子）|丢丢（雪山附近的样子）|卡卡虫（草地附近的样子）|卡卡虫（沙地附近的样子）|卡卡虫（雪山附近的样子）|卡瓦重（草地附近的样子）|卡瓦重（沙地附近的样子）|卡瓦重（雪山附近的样子）|蒲公英|蒲公英娃娃|牵线木偶|帅帅魔偶
富养化,草,状态,3,0,为场下每个精灵回复3能量。,丢丢（草地附近的样子）|丢丢（沙地附近的样子）|卡卡虫（草地附近的样子）|卡卡虫（沙地附近的样子）|卡瓦重（草地附近的样子）|卡瓦重（沙地附近的样子）|卡瓦重（雪山附近的样子）|电球咩咩|绿草精灵|魔草巫灵|奇丽草|奇丽果|奇丽花|奇丽叶|花影羚羊|九幽菇|春花兔|春兔|春团
根吸收,草,状态,2,0,自己回复15%生命和4能量。,幻影荆棘|幽影树|蹦蹦草（彩玉球形态）|蹦蹦草（短毛球形态）|蹦蹦草（海神球形态）|蹦蹦草（象牙球形态）|蹦蹦果（彩玉球形态）|蹦蹦果（短毛球形态）|蹦蹦果（海神球形态）|蹦蹦果（象牙球形态）|蹦蹦花（彩玉球形态）|蹦蹦花（短毛球形态）|蹦蹦花（海神球形态）|蹦蹦花（象牙球形态）|蹦蹦种子（彩玉球形态）|蹦蹦种子（短毛球形态）|蹦蹦种子（海神球形态）|蹦蹦种子（象牙球形态）|兽花蕾|白金独角兽|风滚暮虫（金黄的样子）|风滚暮虫（枯叶的样子）|松叶羊|松仔|针叶巡林|海枝枝（碧蓝珊瑚）|海枝枝（翠绿纶布）|海枝枝（杏黄百合）|海枝枝（洋红沙丁）|草头鸭|卷毛鸭|格兰花|格兰球|格兰种子|春花兔|春兔|展开全部 37 只精灵
光合作用,草,状态,4,0,自己获得1层光合印记。,喵喵|喵呜|魔力猫|叶冕魔力猫|记忆石|伊贝儿|伊贝粉粉|魔草巫灵|针叶巡林|里拉鳐|白发路路|呆小路|舞动路路
光能聚集,草,魔法,7,100,造成魔伤，每次使用其他草系技能后，本技能威力永久+60。,喵喵|喵呜|魔力猫|叶冕魔力猫|蒲公英|蒲公英娃娃|伊贝儿|伊贝粉粉|奇丽花|抹茶布丁|白发路路|呆小路|舞动路路|格兰花|格兰球|格兰种子
花炮,草,状态,2,0,2连击，每次连击自己获得魔攻+50%。,草衣虫|花衣蝶|小草虫|奇丽草|奇丽果|奇丽花|奇丽叶|咔咔鸟|怖哭菇|果冻|抹茶布丁|白发路路|呆小路|舞动路路|格兰花|格兰球|格兰种子
花香,草,魔法,1,60,对敌方精灵造成魔法伤害。,迪莫|岚鸟（本来的样子）|岚鸟（秋天的样子）|岚鸟（夏天的样子）|芋香巨角蛛|音速犬|幻影荆棘|幽影树|草衣虫|花衣蝶|小草虫|瞌睡王|绿草精灵|魔草巫灵|巨噬针鼹|星光狮（星光能量的样子）|星光狮（月光能量的样子）|花魁蜂后|叮叮恶魔|罗隐|恶魔狼|牵线木偶|帅帅魔偶|遁地鼠（储水期的样子）|遁地鼠（枯水期的样子）|翼龙|风滚暮虫（金黄的样子）|风滚暮虫（枯叶的样子）|影狸|獠牙猪|针叶巡林|龙鱼|声波缇塔|爵士鹿|荆棘电环|窃光蚊|展开全部 71 只精灵
汲取,草,魔法,1,30,造成魔伤，并吸血100%。,幻灵菇|幻影灵菇|小灵菇|幻影荆棘|幽影树|蹦蹦草（彩玉球形态）|蹦蹦草（短毛球形态）|蹦蹦草（海神球形态）|蹦蹦草（象牙球形态）|蹦蹦果（彩玉球形态）|蹦蹦果（短毛球形态）|蹦蹦果（海神球形态）|蹦蹦果（象牙球形态）|蹦蹦花（彩玉球形态）|蹦蹦花（短毛球形态）|蹦蹦花（海神球形态）|蹦蹦花（象牙球形态）|蹦蹦种子（彩玉球形态）|蹦蹦种子（短毛球形态）|蹦蹦种子（海神球形态）|蹦蹦种子（象牙球形态）|草衣虫|花衣蝶|小草虫|绿草精灵|魔草巫灵|兽花蕾|怖哭菇|海枝枝（碧蓝珊瑚）|海枝枝（翠绿纶布）|海枝枝（杏黄百合）|海枝枝（洋红沙丁）|春花兔|春兔|春团
棘突,草,魔法,3,100,对敌方精灵造成魔法伤害。,迪莫|圣光迪莫|喵喵|喵呜|魔力猫|叶冕魔力猫|水泡壳（本来的样子）|水泡壳（蜕皮时的样子）|记忆石|蹦蹦花（彩玉球形态）|蹦蹦花（短毛球形态）|蹦蹦花（海神球形态）|蹦蹦花（象牙球形态）|绿草精灵|魔草巫灵|奇丽草|奇丽果|奇丽花|奇丽叶|多菇丁|菇菇丁|九幽菇|果冻|抹茶布丁|格兰花|格兰球|格兰种子|春花兔|春兔|春团
寄生种子,未知,—,—,—,当前还没有补到明确效果描述。,当前还没有整理到可学习精灵数据。
荆棘爪,草,物攻,2,80,对敌方精灵造成物理伤害。,魔力猫|火神|岚鸟（春天的样子）|幻影灵菇|卡瓦重（草地附近的样子）|卡瓦重（沙地附近的样子）|卡瓦重（雪山附近的样子）|利灯鱼|记忆石|幽影树|蹦蹦花（彩玉球形态）|蹦蹦花（短毛球形态）|蹦蹦花（海神球形态）|蹦蹦花（象牙球形态）|蒲公英娃娃|伊贝粉粉|花衣蝶|魔草巫灵|兽花蕾|彩蝶鲨|奇丽花|魔眷鸟|咔咔鸟|白金独角兽|风滚暮虫（金黄的样子）|风滚暮虫（枯叶的样子）|菊花梨|圣代甜甜（蓝莓草莓口味）|圣代甜甜（蓝莓抹茶口味）|圣代甜甜（蓝莓巧克力口味）|圣代甜甜（杨桃草莓口味）|圣代甜甜（杨桃抹茶口味）|圣代甜甜（杨桃巧克力口味）|圣代甜甜（樱桃草莓口味）|圣代甜甜（樱桃抹茶口味）|圣代甜甜（樱桃巧克力口味）|展开全部 51 只精灵
聚盐,草,状态,3,0,2连击，每次连击自己回复5%生命和1能量，使用后本技能连击数永久+1。,幻影荆棘|幽影树|伊贝儿|伊贝粉粉|咔咔鸟|花怨鳗|鳗尾兽
蜡质膜,草,状态,2,0,减伤70%，应对攻击：回复3能量。,水灵|水泡壳（本来的样子）|水泡壳（蜕皮时的样子）|晶石蜗（火山琉璃的样子）|晶石蜗（蓝锥矿的样子）|晶石蜗（莲花刚玉的样子）|晶石蜗（烧蓝黄金的样子）|晶石蜗（西瓜碧玺的样子）|晶石蜗（星彩榴石的样子）|卷胡巨獭|蹦床松鼠|蹦蹦草（彩玉球形态）|蹦蹦草（短毛球形态）|蹦蹦草（海神球形态）|蹦蹦草（象牙球形态）|蹦蹦果（彩玉球形态）|蹦蹦果（短毛球形态）|蹦蹦果（海神球形态）|蹦蹦果（象牙球形态）|蹦蹦花（彩玉球形态）|蹦蹦花（短毛球形态）|蹦蹦花（海神球形态）|蹦蹦花（象牙球形态）|蹦蹦种子（彩玉球形态）|蹦蹦种子（短毛球形态）|蹦蹦种子（海神球形态）|蹦蹦种子（象牙球形态）|电球咩咩|伊贝儿|伊贝粉粉|石冠王蜥（本来的样子）|石冠王蜥（球球尾巴的样子）|翠顶夫人|黑羽夫人|布克棱岩|古啦多|展开全部 65 只精灵
酶浓度调整,草,状态,3,0,减伤70%，应对攻击：自己回复20%生命。,喵喵|喵呜|魔力猫|叶冕魔力猫|水泡壳（本来的样子）|水泡壳（蜕皮时的样子）|幻灵菇|幻影灵菇|小灵菇|晶石蜗（莲花刚玉的样子）|幽影树|电球咩咩|伊贝粉粉|绿草精灵|魔草巫灵|怖哭菇|花怨鳗|鳗尾兽|柴渣虫|燃薪虫|春花兔|春兔|春团
筛管奔流,草,物理,3,80,造成物伤，自己生命大于80%时，本次技能威力+75。,喵喵|喵呜|魔力猫|叶冕魔力猫|岚鸟（春天的样子）|丢丢（草地附近的样子）|丢丢（沙地附近的样子）|丢丢（雪山附近的样子）|卡卡虫（草地附近的样子）|卡卡虫（沙地附近的样子）|卡卡虫（雪山附近的样子）|卡瓦重（草地附近的样子）|卡瓦重（沙地附近的样子）|卡瓦重（雪山附近的样子）|魔眷鸟|春花兔|春兔|春团
盛开,草,状态,1,0,自己获得全技能威力+30，应对防御：改为全技能威力+70。,喵喵|喵呜|魔力猫|叶冕魔力猫|丢丢（草地附近的样子）|丢丢（沙地附近的样子）|丢丢（雪山附近的样子）|卡卡虫（草地附近的样子）|卡卡虫（沙地附近的样子）|卡卡虫（雪山附近的样子）|卡瓦重（草地附近的样子）|卡瓦重（沙地附近的样子）|卡瓦重（雪山附近的样子）|幻影荆棘|幽影树|蹦蹦花（彩玉球形态）|蹦蹦花（短毛球形态）|蹦蹦花（海神球形态）|蹦蹦花（象牙球形态）|蒲公英娃娃|绿草精灵|魔草巫灵|兽花蕾|奇丽草|奇丽果|奇丽花|奇丽叶|风滚暮虫（金黄的样子）|风滚暮虫（枯叶的样子）|松叶羊|松仔|针叶巡林|白发路路|呆小路|舞动路路|草头鸭|展开全部 41 只精灵
藤鞭,草,物攻,3,35,造成物伤，2连击。,当前还没有整理到可学习精灵数据。
藤绞,草,物理,4,80,造成物伤，自己回复5能量。,迪莫|喵喵|喵呜|魔力猫|叶冕魔力猫|幻灵菇|幻影灵菇|小灵菇|丢丢（草地附近的样子）|卡卡虫（草地附近的样子）|卡瓦重（草地附近的样子）|蹦蹦花（彩玉球形态）|蹦蹦花（短毛球形态）|蹦蹦花（海神球形态）|蹦蹦花（象牙球形态）|伊贝儿|伊贝粉粉|菊花梨|怖哭菇|松叶羊|松仔|针叶巡林|多菇丁|菇菇丁|九幽菇|草头鸭|卷毛鸭|鳗尾兽|柴渣虫|燃薪虫|格兰花|格兰球|格兰种子|怒目怂猫
徒长,草,状态,2,0,自己回复10能量。,权|权杖-Ⅴ|喵喵|喵呜|魔力猫|叶冕魔力猫|鸭吉吉（紧实的样子）|鸭吉吉（蓬松的样子）|红绒十字|幽冥眼（闭眼的样子）|幽冥眼（睁眼的样子）|千棘盔（本来的样子）|千棘盔（磨损的样子）|嘟嘟锅|化蝶（喵喵的样子）|化蝶（平常的样子）|化蝶（奇丽花的样子）|化蝶（幽冥眼的样子）|立方人|蒲公英|蒲公英娃娃|梦悠悠（穿旧睡衣的样子）|兽花蕾|朔夜伊芙|锤头鹳|花影羚羊|仪式巨像|雪灵|尖嘴狐仙|雪影娃娃|巨灵石|游蛇魔使|月亮砣（上弦的样子）|月亮砣（下弦的样子）|里拉鳐|高脚鹬|多菇丁|展开全部 50 只精灵
仙人掌刺击,草,物理,6,150,对敌方精灵造成物理伤害。,喵喵|喵呜|魔力猫|叶冕魔力猫|蹦蹦草（彩玉球形态）|蹦蹦草（短毛球形态）|蹦蹦草（海神球形态）|蹦蹦草（象牙球形态）|蹦蹦果（彩玉球形态）|蹦蹦果（短毛球形态）|蹦蹦果（海神球形态）|蹦蹦果（象牙球形态）|蹦蹦花（彩玉球形态）|蹦蹦花（短毛球形态）|蹦蹦花（海神球形态）|蹦蹦花（象牙球形态）|蹦蹦种子（彩玉球形态）|蹦蹦种子（短毛球形态）|蹦蹦种子（海神球形态）|蹦蹦种子（象牙球形态）|蒲公英|蒲公英娃娃|伊贝儿|伊贝粉粉|奇丽草|奇丽果|奇丽花|奇丽叶|多菇丁|菇菇丁|九幽菇
纤维化,草,状态,2,0,减伤70%，应对攻击：自己获得物防+40%。,魔力猫|幻影灵菇|电球咩咩|伊贝儿|伊贝粉粉|奇丽草|奇丽果|奇丽花|奇丽叶|怖哭菇|抹茶布丁|白发路路|鳗尾兽|柴渣虫|燃薪虫
氧输送,草,状态,2,0,自己回复4能量，并获得魔攻+80%。,迪莫|幻灵菇|幻影灵菇|小灵菇|兽花蕾|奇丽草|奇丽果|奇丽花|奇丽叶|菊花梨|伊兰亚龙|白发路路
叶绿光束,草,魔法,4,120,对敌方精灵造成魔法伤害。,喵喵|喵呜|魔力猫|叶冕魔力猫|幻灵菇|幻影灵菇|小灵菇|蹦蹦草（彩玉球形态）|蹦蹦草（短毛球形态）|蹦蹦草（海神球形态）|蹦蹦草（象牙球形态）|蹦蹦果（彩玉球形态）|蹦蹦果（短毛球形态）|蹦蹦果（海神球形态）|蹦蹦果（象牙球形态）|蹦蹦花（彩玉球形态）|蹦蹦花（短毛球形态）|蹦蹦花（海神球形态）|蹦蹦花（象牙球形态）|蹦蹦种子（彩玉球形态）|蹦蹦种子（短毛球形态）|蹦蹦种子（海神球形态）|蹦蹦种子（象牙球形态）|蒲公英|蒲公英娃娃|伊贝儿|伊贝粉粉|兽花蕾|奇丽草|奇丽果|奇丽花|奇丽叶|咔咔鸟|白金独角兽|果冻|抹茶布丁|展开全部 41 只精灵
移花接木,草,状态,2,0,自己回复15%生命，随后脱离。,魔力猫|岚鸟（春天的样子）|卡瓦重（草地附近的样子）|幽影树|蹦蹦花（彩玉球形态）|蹦蹦花（短毛球形态）|蹦蹦花（海神球形态）|蹦蹦花（象牙球形态）|花衣蝶|绿草精灵|魔草巫灵|兽花蕾|花影羚羊|针叶巡林|多菇丁|菇菇丁|九幽菇|伊兰亚龙|燃薪虫|春花兔|春兔|春团
种皮爆裂,草,物理,1,25,造成物伤，2连击。,花怨鳗|鳗尾兽|厉毒修萝|春花兔|春兔|春团
种子弹,草,物理,0,30,造成物伤，自己回复1能量。,幻灵菇|幻影灵菇|小灵菇|伊贝儿|伊贝粉粉|白发路路|呆小路|舞动路路|柴渣虫|燃薪虫
爆裂飞弹,火,魔法,7,160,对敌方精灵造成魔法伤害。,红绒十字|红丝绒|治愈兔|尖嘴狐仙|九尾狐|灵狐|炽心勇狮|炽焰狮|小勇狮
持续高温,火,魔法,2,70,造成魔伤，应对状态：下次攻击技能威力翻倍。,火花|火神|烈火战神|焰火|炽心勇狮|炽焰狮|小勇狮|夜枭|炽热猿|火焰猿|可爱猿|火红尾|雅丹鬃
充分燃烧,火,状态,3,0,使敌方身上的灼烧翻倍，并触发1次灼烧伤害。,红绒十字|尖嘴狐仙|九尾狐|灵狐|柴渣虫|燃薪虫|炽热猿|火焰猿|可爱猿|贝古斯|火红尾|雅丹鬃
吹火,火,物理,1,50,造成物伤，每次使用后，本技能威力永久+20。,火花|火神|烈火战神|焰火|晶石蜗（星彩榴石的样子）|熔岩布丁|炽热猿|火焰猿|可爱猿
淬火,火,状态,4,0,减伤70%，应对攻击：下次攻击技能威力翻倍。,晶石蜗（星彩榴石的样子）|炽心勇狮|炽焰狮|小勇狮|熔岩布丁|燃薪虫
焚毁,火,魔法,2,60,造成魔伤，驱散敌方所有印记。,炽心勇狮|炽焰狮|小勇狮
高温回火,火,魔法,2,40,造成魔伤，自己脱离。,岚鸟（夏天的样子）|风暴战犬|护主犬|音速犬|尖嘴狐仙|炽心勇狮|炽焰狮|小勇狮|熔岩布丁|可立鸡|绅士鸡|武者鸡|晕晕鸡|柴渣虫|燃薪虫
火苗,火,物理,0,30,造成物伤，自己回复1能量。,火花|火神|烈火战神|焰火|风暴战犬|护主犬|音速犬
火焰冲锋,火,物理,1,60,对敌方精灵造成物理伤害。,迪莫|岚鸟（本来的样子）|岚鸟（春天的样子）|岚鸟（秋天的样子）|芋香巨角蛛|卡瓦重（草地附近的样子）|卡瓦重（沙地附近的样子）|卡瓦重（雪山附近的样子）|记忆石|蒲公英娃娃|瞌睡王|巨噬针鼹|星光狮（星光能量的样子）|星光狮（月光能量的样子）|花魁蜂后|魔眷鸟|咔咔鸟|遁地鼠（储水期的样子）|遁地鼠（枯水期的样子）|翼龙|影狸|獠牙猪|针叶巡林|龙鱼|声波缇塔|爵士鹿|荆棘电环|窃光蚊|斑枭|皇家狮鹫（高山地的样子）|皇家狮鹫（崖间地的样子）|棋骑士（白子）|棋骑士（黑子）|圣剑-X|卷毛鸭|酷拉|展开全部 61 只精灵
火焰护盾,火,状态,2,0,减伤70%，应对攻击：敌方获得4层灼烧。,水灵|水泡壳（本来的样子）|水泡壳（蜕皮时的样子）|幻影灵菇|红绒十字|晶石蜗（火山琉璃的样子）|晶石蜗（蓝锥矿的样子）|晶石蜗（莲花刚玉的样子）|晶石蜗（烧蓝黄金的样子）|晶石蜗（西瓜碧玺的样子）|晶石蜗（星彩榴石的样子）|卷胡巨獭|蹦床松鼠|电球咩咩|伊贝粉粉|石冠王蜥（本来的样子）|石冠王蜥（球球尾巴的样子）|翠顶夫人|黑羽夫人|叮叮恶魔|布克棱岩|古啦多|怖哭菇|雪巨人|尖嘴狐仙|九尾狐|灵狐|闪电鳗鱼|琉璃水母|海豹船长|抹茶布丁|熔岩布丁|椰浆布丁|深蓝鲸|嗜波螺|棋齐垒（白子）|展开全部 52 只精灵
火焰箭,火,物理,2,80,对敌方精灵造成物理伤害。,迪莫|圣光迪莫|岚鸟（夏天的样子）|红绒十字|音速犬|幽冥眼（闭眼的样子）|幽冥眼（睁眼的样子）|嘟嘟锅|花影羚羊|罗隐|恶魔狼|尖嘴狐仙|炽心勇狮|海枝枝（洋红沙丁）|熔岩布丁|乌拉塔（极昼的样子）|绅士鸡|武者鸡|龙息帕尔|烈火守护|火焰猿
火焰切割,火,物理,3,100,对敌方精灵造成物理伤害。,火花|火神|烈火战神|焰火|罗隐|恶魔狼|尖嘴狐仙|九尾狐|灵狐|熔岩布丁|迷你乌（极昼的样子）|乌达（极昼的样子）|乌拉塔（极昼的样子）|可立鸡|绅士鸡|武者鸡|晕晕鸡
火云车,火,物理,5,140,对敌方精灵造成物理伤害。,火花|火神|烈火战神|焰火|风暴战犬|护主犬|音速犬|龙息帕尔|火尾瓦特|火尾战士|烈火守护|炽热猿|火焰猿|可爱猿
火爪,火,魔法,1,60,对敌方精灵造成魔法伤害。,红绒十字|红丝绒|治愈兔|利灯鱼|彩蝶鲨|白金独角兽|风滚暮虫（金黄的样子）|风滚暮虫（枯叶的样子）|菊花梨|圣代甜甜（蓝莓草莓口味）|圣代甜甜（蓝莓抹茶口味）|圣代甜甜（蓝莓巧克力口味）|圣代甜甜（杨桃草莓口味）|圣代甜甜（杨桃抹茶口味）|圣代甜甜（杨桃巧克力口味）|圣代甜甜（樱桃草莓口味）|圣代甜甜（樱桃抹茶口味）|圣代甜甜（樱桃巧克力口味）|海枝枝（碧蓝珊瑚）|海枝枝（翠绿纶布）|海枝枝（杏黄百合）|海枝枝（洋红沙丁）|声波缇塔|伊兰亚龙|格兰球|画间法师手|上岸蛙
烈焰风暴,火,魔法,4,75,造成魔伤，敌方获得6层灼烧。,红绒十字|夜枭|贝古斯|贝加尔|贝瑟
流火,火,魔法,1,15,造成魔伤，3连击。,幽冥眼（闭眼的样子）|幽冥眼（睁眼的样子）|可立鸡|绅士鸡|晕晕鸡|粉耳星兔|落陨星兔
流星火雨,火,物理,3,75,造成物伤，每次击败敌方，本技能威力永久+75。,风暴战犬|护主犬|音速犬|星光狮（星光能量的样子）|迷你乌（极昼的样子）|乌达（极昼的样子）|乌拉塔（极昼的样子）
怒火,火,状态,1,0,自己获得双攻+130%和双防-40%。,迪莫|火花|火神|烈火战神|焰火|岚鸟（夏天的样子）|风暴战犬|护主犬|音速犬|罗隐|恶魔狼|炽心勇狮|炽焰狮|小勇狮|熔岩布丁|夜枭|迷你乌（极昼的样子）|乌达（极昼的样子）|乌拉塔（极昼的样子）|绅士鸡|武者鸡|火尾瓦特|火尾战士|烈火守护|炽热猿|火焰猿|可爱猿
燃尽,火,魔法,4,155,造成魔伤，敌方每失去5%生命，本次技能威力-5。,炽心勇狮|贝古斯|贝加尔|贝瑟
热气,火,魔法,0,40,对敌方精灵造成魔法伤害。,红绒十字|红丝绒|治愈兔|火红尾|雅丹鬃
热身,火,状态,1,0,下一次攻击时，技能威力翻倍，应对防御：改为威力变为4倍。,火花|火神|烈火战神|焰火|风暴战犬|护主犬|音速犬|幽冥眼（闭眼的样子）|幽冥眼（睁眼的样子）|嘟嘟锅|尖嘴狐仙|九尾狐|灵狐|可立鸡|绅士鸡|武者鸡|晕晕鸡|卡波|卡拉波斯|粉耳星兔|落陨星兔|火尾瓦特|火尾战士|烈火守护|炽热猿|火焰猿|可爱猿|贝古斯
山火,火,物理,3,15,造成物伤，每使用1次其他火系技能，本技能威力永久翻倍。,火花|火神|烈火战神|焰火|绅士鸡|燃薪虫|火尾瓦特|火尾战士|烈火守护
闪燃,火,物理,1,35,造成物伤，应对状态：本次技能威力变为4倍。,迪莫|火花|火神|烈火战神|焰火|岚鸟（夏天的样子）|风暴战犬|护主犬|音速犬|罗隐|恶魔狼|迷你乌（极昼的样子）|乌达（极昼的样子）|乌拉塔（极昼的样子）|可立鸡|绅士鸡|武者鸡|晕晕鸡|龙息帕尔|火尾瓦特|火尾战士|烈火守护|炽热猿|火焰猿|可爱猿
双响炮,火,物理,1,25,造成物伤，2连击。,皇家狮鹫（高山地的样子）|皇家狮鹫（崖间地的样子）|可立鸡|绅士鸡|武者鸡|晕晕鸡|火尾瓦特|火尾战士|烈火守护
天火,火,状态,3,0,敌方获得10层灼烧，应对防御：改为获得30层。,红绒十字|红丝绒|治愈兔|尖嘴狐仙|贝古斯|贝加尔|贝瑟|火红尾|雅丹鬃
炎爆术,火,状态,2,—,将敌方印记转换为三倍的灼烧层数。,当前还没有整理到可学习精灵数据。
炎打,火,魔法,2,100,造成高额魔法伤害，自己获得物防-40%。,迪莫|星光狮（星光能量的样子）|炽心勇狮|炽焰狮|小勇狮|可立鸡|绅士鸡|晕晕鸡|粉耳星兔|落陨星兔
炎枪,火,魔法,3,100,对敌方精灵造成魔法伤害。,晶石蜗（星彩榴石的样子）|嘟嘟锅|尖嘴狐仙|九尾狐|灵狐|火红尾|雅丹鬃
炎息,火,物理,0,40,对敌方精灵造成物理伤害。,迷你乌（极昼的样子）|乌达（极昼的样子）|乌拉塔（极昼的样子）|炽热猿|火焰猿|可爱猿
易燃物质,火,魔法,3,30,造成魔伤，2连击，每次连击使敌方获得2层灼烧。,红绒十字|红丝绒|治愈兔|嘟嘟锅|尖嘴狐仙|九尾狐|灵狐|夜枭|贝古斯|贝加尔|贝瑟
引燃,火,状态,2,0,敌方获得10层灼烧效果。,权|权杖-Ⅴ|魔力猫|火神|鸭吉吉（紧实的样子）|鸭吉吉（蓬松的样子）|红绒十字|红丝绒|治愈兔|风暴战犬|护主犬|音速犬|幽冥眼（闭眼的样子）|幽冥眼（睁眼的样子）|千棘盔（本来的样子）|千棘盔（磨损的样子）|嘟嘟锅|化蝶（喵喵的样子）|化蝶（平常的样子）|化蝶（奇丽花的样子）|化蝶（幽冥眼的样子）|幽影树|立方人|蹦蹦花（彩玉球形态）|蹦蹦花（短毛球形态）|蹦蹦花（海神球形态）|蹦蹦花（象牙球形态）|花衣蝶|梦悠悠（穿旧睡衣的样子）|魔草巫灵|兽花蕾|朔夜伊芙|奇丽花|锤头鹳|仪式巨像|雪灵|尖嘴狐仙|展开全部 73 只精灵
炙热波动,火,魔法,3,45,造成魔伤，敌方获得4层灼烧，应对状态：本次技能威力和赋予灼烧翻倍。,炽心勇狮|柴渣虫|燃薪虫|火红尾|雅丹鬃
灼伤,火,物理,4,120,对敌方精灵造成物理伤害。,风暴战犬|护主犬|音速犬|柴渣虫|燃薪虫|炽热猿|火焰猿|可爱猿
潮汐,水,状态,4,0,减伤60%，应对攻击：自己获得1层湿润印记。,波波拉|圣水守护|水蓝蓝|水灵|晶石蜗（西瓜碧玺的样子）|卷胡巨獭|闪电鳗鱼|琉璃水母|里拉鳐|深蓝鲸|卡洛儿
潮涌,水,物理,2,80,对敌方精灵造成物理伤害。,迪莫|圣光迪莫|岚鸟（本来的样子）|岚鸟（春天的样子）|岚鸟（秋天的样子）|岚鸟（夏天的样子）|卷胡巨獭|翠顶夫人|乖乖鹄|黑羽夫人|蓝珠天鹅|锤头鹳|遁地鼠（储水期的样子）|水滴蛇|水蛇锁|游蛇魔使|月亮砣（上弦的样子）|月亮砣（下弦的样子）|豆丁鱼|快鳍鱼|龙鱼|闪电鳗鱼|果冻|抹茶布丁|熔岩布丁|椰浆布丁|波波螺|嗜波螺|消波螺|多灵|多灵主|卡洛儿|壳乙螺|甜田螺
肥皂泡,水,魔法,1,60,对敌方精灵造成魔法伤害。,板板壳（本来的样子）|板板壳（蜕皮时的样子）|咔咔壳（本来的样子）|咔咔壳（蜕皮时的样子）|水泡壳（本来的样子）|水泡壳（蜕皮时的样子）|白金独角兽|风滚暮虫（金黄的样子）|风滚暮虫（枯叶的样子）|菊花梨|月亮砣（上弦的样子）|月亮砣（下弦的样子）|圣代甜甜（蓝莓草莓口味）|圣代甜甜（蓝莓抹茶口味）|圣代甜甜（蓝莓巧克力口味）|圣代甜甜（杨桃草莓口味）|圣代甜甜（杨桃抹茶口味）|圣代甜甜（杨桃巧克力口味）|圣代甜甜（樱桃草莓口味）|圣代甜甜（樱桃抹茶口味）|圣代甜甜（樱桃巧克力口味）|果冻|抹茶布丁|熔岩布丁|椰浆布丁|号儿鱼|圆号鱼|伊兰亚龙|格兰球|画间法师手|卡洛儿|壳乙螺|甜田螺|电企鹅|上岸蛙
激流,水,魔法,4,120,对敌方精灵造成魔法伤害。,利灯鱼|双灯鱼|翡翠水母|琉璃水母|深蓝鲸
泡沫,水,物理,1,60,对敌方精灵造成物理伤害。,迪莫|岚鸟（本来的样子）|岚鸟（春天的样子）|岚鸟（秋天的样子）|岚鸟（夏天的样子）|芋香巨角蛛|卷胡巨獭|小鼠獭|燕尾獭|音速犬|卡瓦重（草地附近的样子）|卡瓦重（沙地附近的样子）|卡瓦重（雪山附近的样子）|记忆石|蒲公英娃娃|瞌睡王|巨噬针鼹|星光狮（星光能量的样子）|星光狮（月光能量的样子）|花魁蜂后|叮叮恶魔|魔眷鸟|罗隐|恶魔狼|咔咔鸟|遁地鼠（储水期的样子）|遁地鼠（枯水期的样子）|翼龙|影狸|獠牙猪|针叶巡林|胆小鳗鱼|闪电鳗鱼|里拉鳐|海豹船长|海豹战士|展开全部 80 只精灵
泡沫幻影,水,状态,2,0,减伤70%，应对攻击：自己脱离。,波波拉|圣水守护|水蓝蓝|水灵|板板壳（本来的样子）|板板壳（蜕皮时的样子）|咔咔壳（本来的样子）|咔咔壳（蜕皮时的样子）|水泡壳（本来的样子）|水泡壳（蜕皮时的样子）|刺盔虫（本来的样子）|刺盔虫（磨损的样子）|海盔虫（本来的样子）|海盔虫（磨损的样子）|千棘海针（本来的样子）|千棘海针（磨损的样子）|千棘盔（本来的样子）|千棘盔（磨损的样子）|翠顶夫人|黑羽夫人|游蛇魔使|月亮砣（上弦的样子）|月亮砣（下弦的样子）|胆小鳗鱼|闪电鳗鱼|翡翠水母|琉璃水母|海豹船长|果冻|抹茶布丁|熔岩布丁|椰浆布丁|号儿鱼|圆号鱼|卡洛儿|壳乙螺|展开全部 37 只精灵
气泡,水,魔法,3,100,对敌方精灵造成魔法伤害。,迪莫|波波拉|圣水守护|水蓝蓝|水灵|板板壳（本来的样子）|板板壳（蜕皮时的样子）|咔咔壳（本来的样子）|咔咔壳（蜕皮时的样子）|水泡壳（本来的样子）|水泡壳（蜕皮时的样子）|翠顶夫人|乖乖鹄|黑羽夫人|蓝珠天鹅|白金独角兽|海豹船长|海豹战士|高脚鹬|深蓝鲸|波波螺|嗜波螺|消波螺
求雨,水,状态,8,—,将天气变为雨天，本技能能耗降低效果收益翻倍。,当前还没有整理到可学习精灵数据。
润泽,水,状态,7,0,自己获得魔攻+190%。,迪莫|千棘盔（本来的样子）|千棘盔（磨损的样子）|利灯鱼|双灯鱼|翠顶夫人|黑羽夫人|游蛇魔使|月亮砣（上弦的样子）|月亮砣（下弦的样子）|豆丁鱼|快鳍鱼|龙鱼|琉璃水母|里拉鳐|高脚鹬|海枝枝（碧蓝珊瑚）|海枝枝（翠绿纶布）|海枝枝（杏黄百合）|海枝枝（洋红沙丁）|号儿鱼|圆号鱼|多灵|多灵主
湿润印记,未知,—,—,—,当前还没有补到明确效果描述。,当前还没有整理到可学习精灵数据。
甩水,水,魔法,0,30,造成魔伤，自己回复1能量。,波波拉|圣水守护|水蓝蓝|水灵|刺盔虫（本来的样子）|刺盔虫（磨损的样子）|海盔虫（本来的样子）|海盔虫（磨损的样子）|千棘海针（本来的样子）|千棘海针（磨损的样子）|千棘盔（本来的样子）|千棘盔（磨损的样子）|彩蝶鲨|风铃鲨|蓝蝶鲨|神谕鲨|翡翠水母|琉璃水母|海枝枝（碧蓝珊瑚）|海枝枝（翠绿纶布）|海枝枝（杏黄百合）|海枝枝（洋红沙丁）|号儿鱼|圆号鱼|深蓝鲸
水波术,水,魔法,6,90,造成魔伤，回合结束时，本技能威力永久+20。,水灵|利灯鱼|双灯鱼|游蛇魔使|里拉鳐|海豹船长|海枝枝（碧蓝珊瑚）|海枝枝（翠绿纶布）|海枝枝（杏黄百合）|海枝枝（洋红沙丁）|深蓝鲸|粉耳星兔|卡洛儿
水弹,水,魔法,0,40,对敌方精灵造成魔法伤害。,卷胡巨獭|小鼠獭|燕尾獭|利灯鱼|双灯鱼|黑羽夫人|里拉鳐|果冻|抹茶布丁|熔岩布丁|椰浆布丁
水弹枪,水,魔攻,2,80,对敌方精灵造成魔法伤害。,水灵|水泡壳（本来的样子）|水泡壳（蜕皮时的样子）|卷胡巨獭|千棘盔（本来的样子）|千棘盔（磨损的样子）|利灯鱼|朔夜伊芙|翠顶夫人|彩蝶鲨|锤头鹳|遁地鼠（储水期的样子）|怖哭菇|游蛇魔使|龙鱼|闪电鳗鱼|琉璃水母|里拉鳐|海豹船长|高脚鹬|海枝枝（碧蓝珊瑚）|海枝枝（翠绿纶布）|海枝枝（杏黄百合）|海枝枝（洋红沙丁）|抹茶布丁|熔岩布丁|椰浆布丁|公平鸽|圆号鱼|深蓝鲸|嗜波螺|卷毛鸭|卡洛儿
水光冲击,水,魔法,5,140,对敌方精灵造成魔法伤害。,板板壳（本来的样子）|板板壳（蜕皮时的样子）|咔咔壳（本来的样子）|咔咔壳（蜕皮时的样子）|水泡壳（本来的样子）|水泡壳（蜕皮时的样子）|利灯鱼|双灯鱼|胆小鳗鱼|闪电鳗鱼|嗜波螺
水花四溅,水,魔法,3,20,造成魔伤，4连击。,翠顶夫人|乖乖鹄|蓝珠天鹅|彩蝶鲨|风铃鲨|蓝蝶鲨|神谕鲨|锤头鹳|翼龙|胆小鳗鱼|闪电鳗鱼|高脚鹬|圣羽翼王
水环,水,状态,2,0,减伤70%，应对攻击：自己获得全技能能耗-2。,板板壳（本来的样子）|板板壳（蜕皮时的样子）|咔咔壳（本来的样子）|咔咔壳（蜕皮时的样子）|水泡壳（本来的样子）|水泡壳（蜕皮时的样子）|卷胡巨獭|小鼠獭|燕尾獭|翠顶夫人|琉璃水母|海豹船长|抹茶布丁|熔岩布丁|椰浆布丁|深蓝鲸|波波螺|嗜波螺|消波螺|卡洛儿|壳乙螺|甜田螺
水幕冲击,水,物理,3,100,对敌方精灵造成物理伤害。,岚鸟（本来的样子）|岚鸟（春天的样子）|岚鸟（秋天的样子）|岚鸟（夏天的样子）|翠顶夫人|黑羽夫人|水滴蛇|水蛇锁|游蛇魔使|豆丁鱼|快鳍鱼|龙鱼|里拉鳐|海豹船长|海豹战士|高脚鹬|抹茶布丁|熔岩布丁|椰浆布丁|圣羽翼王
水泡盾,水,状态,2,0,减伤70%，应对攻击：自己获得魔攻+40%。,波波拉|圣水守护|水蓝蓝|水灵|板板壳（本来的样子）|板板壳（蜕皮时的样子）|咔咔壳（本来的样子）|咔咔壳（蜕皮时的样子）|水泡壳（本来的样子）|水泡壳（蜕皮时的样子）|幻影灵菇|晶石蜗（火山琉璃的样子）|晶石蜗（蓝锥矿的样子）|晶石蜗（莲花刚玉的样子）|晶石蜗（烧蓝黄金的样子）|晶石蜗（西瓜碧玺的样子）|晶石蜗（星彩榴石的样子）|卷胡巨獭|小鼠獭|燕尾獭|蹦床松鼠|电球咩咩|伊贝粉粉|石冠王蜥（本来的样子）|石冠王蜥（球球尾巴的样子）|黑羽夫人|布克棱岩|古啦多|雪巨人|炽心勇狮|闪电鳗鱼|海豹船长|海豹战士|深蓝鲸|波波螺|嗜波螺|展开全部 49 只精灵
水炮,水,魔法,5,110,造成魔伤，每次使用后，本技能能耗永久-1。,波波拉|圣水守护|水蓝蓝|水灵|板板壳（本来的样子）|板板壳（蜕皮时的样子）|咔咔壳（本来的样子）|咔咔壳（蜕皮时的样子）|水泡壳（本来的样子）|水泡壳（蜕皮时的样子）|卷胡巨獭|小鼠獭|燕尾獭|翠顶夫人|乖乖鹄|蓝珠天鹅|彩蝶鲨|风铃鲨|蓝蝶鲨|神谕鲨|锤头鹳|龙鱼|琉璃水母|抹茶布丁|熔岩布丁|椰浆布丁|号儿鱼|圆号鱼|深蓝鲸|圣羽翼王
水刃,水,物理,4,115,造成物伤，应对状态：本技能能耗永久-4。,岚鸟（本来的样子）|岚鸟（春天的样子）|岚鸟（秋天的样子）|岚鸟（夏天的样子）|翠顶夫人|乖乖鹄|黑羽夫人|蓝珠天鹅|豆丁鱼|快鳍鱼|龙鱼|海豹船长|海豹战士|果冻|抹茶布丁|熔岩布丁|椰浆布丁|嗜波螺|卷毛鸭|多灵|多灵主|圣羽翼王|卡洛儿|壳乙螺|甜田螺
天洪,水,魔法,7,140,造成魔伤，应对状态：本技能能耗永久-6。,迪莫|波波拉|圣水守护|水蓝蓝|水灵|板板壳（本来的样子）|板板壳（蜕皮时的样子）|咔咔壳（本来的样子）|咔咔壳（蜕皮时的样子）|水泡壳（本来的样子）|水泡壳（蜕皮时的样子）|彩蝶鲨|风铃鲨|蓝蝶鲨|神谕鲨|豆丁鱼|快鳍鱼|龙鱼|翡翠水母|琉璃水母|海枝枝（碧蓝珊瑚）|海枝枝（翠绿纶布）|海枝枝（杏黄百合）|海枝枝（洋红沙丁）|抹茶布丁|熔岩布丁|椰浆布丁|深蓝鲸
洗礼,水,状态,1,0,驱散自己的减益，并获得全技能能耗-1。,波波拉|圣水守护|水蓝蓝|水灵|板板壳（本来的样子）|板板壳（蜕皮时的样子）|咔咔壳（本来的样子）|咔咔壳（蜕皮时的样子）|水泡壳（本来的样子）|水泡壳（蜕皮时的样子）|卷胡巨獭|小鼠獭|燕尾獭|锤头鹳|遁地鼠（储水期的样子）|月亮砣（上弦的样子）|月亮砣（下弦的样子）|翡翠水母|琉璃水母|里拉鳐|果冻|抹茶布丁|熔岩布丁|椰浆布丁|号儿鱼|圆号鱼|卡洛儿
蓄水,水,状态,1,0,下次使用的技能能耗-6。,权|权杖-Ⅴ|魔力猫|火神|鸭吉吉（紧实的样子）|鸭吉吉（蓬松的样子）|岚鸟（本来的样子）|岚鸟（春天的样子）|岚鸟（秋天的样子）|岚鸟（夏天的样子）|红绒十字|幽冥眼（闭眼的样子）|幽冥眼（睁眼的样子）|刺盔虫（本来的样子）|刺盔虫（磨损的样子）|海盔虫（本来的样子）|海盔虫（磨损的样子）|千棘海针（本来的样子）|千棘海针（磨损的样子）|千棘盔（本来的样子）|千棘盔（磨损的样子）|嘟嘟锅|化蝶（喵喵的样子）|化蝶（平常的样子）|化蝶（奇丽花的样子）|化蝶（幽冥眼的样子）|幽影树|立方人|蹦蹦花（彩玉球形态）|蹦蹦花（短毛球形态）|蹦蹦花（海神球形态）|蹦蹦花（象牙球形态）|花衣蝶|梦悠悠（穿旧睡衣的样子）|魔草巫灵|兽花蕾|奇丽花|展开全部 76 只精灵
盐水浴,水,状态,1,0,自己获得全技能能耗-2，应对防御：改为技能能耗-3。,刺盔虫（本来的样子）|刺盔虫（磨损的样子）|海盔虫（本来的样子）|海盔虫（磨损的样子）|千棘海针（本来的样子）|千棘海针（磨损的样子）|千棘盔（本来的样子）|千棘盔（磨损的样子）|彩蝶鲨|风铃鲨|蓝蝶鲨|神谕鲨|锤头鹳|游蛇魔使|月亮砣（上弦的样子）|月亮砣（下弦的样子）|里拉鳐|号儿鱼|圆号鱼
涌泉,水,魔法,6,60,造成魔伤，本技能能耗每-1，威力+10。,波波拉|圣水守护|水蓝蓝|水灵|刺盔虫（本来的样子）|刺盔虫（磨损的样子）|海盔虫（本来的样子）|海盔虫（磨损的样子）|千棘海针（本来的样子）|千棘海针（磨损的样子）|千棘盔（本来的样子）|千棘盔（磨损的样子）|利灯鱼|翠顶夫人|彩蝶鲨|水滴蛇|水蛇锁|游蛇魔使|海枝枝（碧蓝珊瑚）|海枝枝（翠绿纶布）|海枝枝（杏黄百合）|海枝枝（洋红沙丁）|号儿鱼|圆号鱼|深蓝鲸|卡洛儿
放晴,光,状态,0,0,光系技能威力永久+40%，应对防御：改为永久+80%。,迪莫|圣光迪莫|兽花蕾|棋祈督（白子）|棋绮后（白子）|绒绒|绒仙子|小绒茧|绒光优优|优优
光球,光,魔法,2,80,对敌方精灵造成魔法伤害。,迪莫|圣光迪莫|小星光（月光能量的样子）|星光狮（星光能量的样子）|星光狮（月光能量的样子）|窃光蚊|嗜光嗡嗡|绒绒|绒仙子|小绒茧|雅丹鬃
光刃,光,物理,4,120,对敌方精灵造成物理伤害。,迪莫|圣光迪莫|记忆石|星光狮（星光能量的样子）|翠顶夫人|奇丽花|爵士鹿|窃光蚊|嗜光嗡嗡|棋骑士（白子）|绒绒|绒仙子|小绒茧|光纤兽|疾光千兽|犀角鸟
光之矛,光,物理,3,30,造成物伤，3连击。,兽花蕾|小星光（月光能量的样子）|星光狮（月光能量的样子）|窃光蚊|皇家狮鹫（高山地的样子）|皇家狮鹫（崖间地的样子）|光纤兽|疾光千兽|犀角鸟|圣羽翼王
过曝,光,魔法,3,60,造成魔伤，每使用过1个其他系别技能，本技能威力永久+30。,迪莫|圣光迪莫|兽花蕾|小星光（月光能量的样子）|星光狮（月光能量的样子）|白金独角兽|彩虹独角兽|小独角兽|窃光蚊|嗜光嗡嗡
虹光冲击,光,魔法,3,100,对敌方精灵造成魔法伤害。,魔力猫|火神|水灵|鸭吉吉（紧实的样子）|鸭吉吉（蓬松的样子）|水泡壳（本来的样子）|水泡壳（蜕皮时的样子）|芋香巨角蛛|幻影灵菇|红绒十字|卷胡巨獭|音速犬|蹦床松鼠|幽冥眼（闭眼的样子）|幽冥眼（睁眼的样子）|千棘盔（本来的样子）|千棘盔（磨损的样子）|利灯鱼|嘟嘟锅|化蝶（喵喵的样子）|化蝶（平常的样子）|化蝶（奇丽花的样子）|化蝶（幽冥眼的样子）|幽影树|蹦蹦花（彩玉球形态）|蹦蹦花（短毛球形态）|蹦蹦花（海神球形态）|蹦蹦花（象牙球形态）|电球咩咩|蒲公英娃娃|伊贝粉粉|花衣蝶|梦悠悠（穿旧睡衣的样子）|魔草巫灵|小星光（月光能量的样子）|星光狮（星光能量的样子）|展开全部 127 只精灵
镜像反射,光,状态,2,0,减伤80%，应对攻击：本技能变为被应对的技能。,晶石蜗（火山琉璃的样子）|晶石蜗（蓝锥矿的样子）|晶石蜗（莲花刚玉的样子）|晶石蜗（烧蓝黄金的样子）|晶石蜗（西瓜碧玺的样子）|晶石蜗（星彩榴石的样子）|矿晶虫|钻石蜗（火山琉璃的样子）|钻石蜗（蓝锥矿的样子）|钻石蜗（莲花刚玉的样子）|钻石蜗（烧蓝黄金的样子）|钻石蜗（西瓜碧玺的样子）|钻石蜗（星彩榴石的样子）|兽花蕾|翠顶夫人|炽心勇狮|棋齐垒（白子）|绒绒|绒仙子|小绒茧
脉冲光线,光,魔法,0,40,对敌方精灵造成魔法伤害。,晶石蜗（火山琉璃的样子）|晶石蜗（蓝锥矿的样子）|晶石蜗（莲花刚玉的样子）|晶石蜗（烧蓝黄金的样子）|晶石蜗（西瓜碧玺的样子）|晶石蜗（星彩榴石的样子）|矿晶虫|钻石蜗（火山琉璃的样子）|钻石蜗（蓝锥矿的样子）|钻石蜗（莲花刚玉的样子）|钻石蜗（烧蓝黄金的样子）|钻石蜗（西瓜碧玺的样子）|钻石蜗（星彩榴石的样子）|绒绒|绒仙子|小绒茧
漫反射,光,状态,1,0,每种系别中的至多一个技能，威力+35。,迪莫|圣光迪莫|红绒十字|晶石蜗（火山琉璃的样子）|晶石蜗（蓝锥矿的样子）|晶石蜗（莲花刚玉的样子）|晶石蜗（烧蓝黄金的样子）|晶石蜗（西瓜碧玺的样子）|晶石蜗（星彩榴石的样子）|矿晶虫|钻石蜗（火山琉璃的样子）|钻石蜗（蓝锥矿的样子）|钻石蜗（莲花刚玉的样子）|钻石蜗（烧蓝黄金的样子）|钻石蜗（西瓜碧玺的样子）|钻石蜗（星彩榴石的样子）|记忆石|梦悠悠（穿旧睡衣的样子）|魔草巫灵|兽花蕾|小星光（月光能量的样子）|星光狮（星光能量的样子）|星光狮（月光能量的样子）|奇丽花|白金独角兽|彩虹独角兽|小独角兽|爵士鹿|窃光蚊|嗜光嗡嗡|皇家狮鹫（高山地的样子）|皇家狮鹫（崖间地的样子）|棋祈督（白子）|棋骑士（白子）|棋绮后（白子）|圣剑-X|展开全部 46 只精灵
闪光,光,魔法,1,60,对敌方精灵造成魔法伤害。,迪莫|圣光迪莫|兽花蕾|奇丽花|绒光优优|优优|雅丹鬃
闪光冲击,光,物理,3,100,对敌方精灵造成物理伤害。,迪莫|圣光迪莫|晶石蜗（火山琉璃的样子）|晶石蜗（蓝锥矿的样子）|晶石蜗（莲花刚玉的样子）|晶石蜗（烧蓝黄金的样子）|晶石蜗（西瓜碧玺的样子）|晶石蜗（星彩榴石的样子）|矿晶虫|钻石蜗（火山琉璃的样子）|钻石蜗（蓝锥矿的样子）|钻石蜗（莲花刚玉的样子）|钻石蜗（烧蓝黄金的样子）|钻石蜗（西瓜碧玺的样子）|钻石蜗（星彩榴石的样子）|音速犬|圣剑-X
天光,光,魔法,3,95,造成魔伤，本技能系别始终和天气系别相同。,魔力猫|红绒十字|晶石蜗（火山琉璃的样子）|晶石蜗（蓝锥矿的样子）|晶石蜗（莲花刚玉的样子）|晶石蜗（烧蓝黄金的样子）|晶石蜗（西瓜碧玺的样子）|晶石蜗（星彩榴石的样子）|魔草巫灵|小星光（月光能量的样子）|星光狮（月光能量的样子）|翠顶夫人|白金独角兽|彩虹独角兽|小独角兽|炽心勇狮|棋祈督（白子）|棋绮后（白子）|圣剑-X|小皮球|古卷执政官|圣羽翼王|绒光优优|优优|雅丹鬃
透射,光,物理,1,60,对敌方精灵造成物理伤害。,权|权杖-Ⅴ|魔力猫|鸭吉吉（蓬松的样子）|岚鸟（本来的样子）|岚鸟（春天的样子）|岚鸟（秋天的样子）|岚鸟（夏天的样子）|晶石蜗（火山琉璃的样子）|晶石蜗（蓝锥矿的样子）|晶石蜗（莲花刚玉的样子）|晶石蜗（烧蓝黄金的样子）|晶石蜗（西瓜碧玺的样子）|晶石蜗（星彩榴石的样子）|矿晶虫|钻石蜗（火山琉璃的样子）|钻石蜗（蓝锥矿的样子）|钻石蜗（莲花刚玉的样子）|钻石蜗（烧蓝黄金的样子）|钻石蜗（西瓜碧玺的样子）|钻石蜗（星彩榴石的样子）|卡瓦重（草地附近的样子）|卡瓦重（沙地附近的样子）|卡瓦重（雪山附近的样子）|记忆石|立方人|瞌睡王|巨噬针鼹|兽花蕾|奇丽花|叮叮恶魔|魔眷鸟|花影羚羊|布克棱岩|罗隐|恶魔狼|咔咔鸟|展开全部 74 只精灵
折射,光,魔法,4,50,"造成魔伤，携带其他系别技能会给本技能带来不同效果。

光系：+40% 魔攻 水系：技能能耗减 1 电系：+50 速度 草系：恢复一定生命值 火系：给对手 4 层灼烧 普通系：+20 技能威力 幻系：给对手 1 层星陨 恶系：+30% 吸血 冰系：给对手 2 层冻结 翼系：连击数 + 1 武：+40% 物攻 虫系：对手 - 40% 物防 龙系：对手 - 40% 魔防 幽系：对手 - 2 点能量 机械系：+30% 双防 萌系：对手 - 30% 双攻 毒系：给对手 2 层中毒 地系：对手速度 - 40，连击 - 2",迪莫|圣光迪莫|兽花蕾|白金独角兽|彩虹独角兽|小独角兽|光纤兽|疾光千兽|犀角鸟
折线冲击,光,物攻,2,80,对敌方精灵造成物理伤害。,迪莫|晶石蜗（火山琉璃的样子）|晶石蜗（蓝锥矿的样子）|晶石蜗（莲花刚玉的样子）|晶石蜗（烧蓝黄金的样子）|晶石蜗（西瓜碧玺的样子）|晶石蜗（星彩榴石的样子）|兽花蕾|星光狮（月光能量的样子）|白金独角兽|爵士鹿|窃光蚊|皇家狮鹫（高山地的样子）|皇家狮鹫（崖间地的样子）|棋齐垒（白子）|棋骑士（白子）|绒仙子|疾光千兽|圣羽翼王|雅丹鬃
壁垒,地,状态,2,0,减伤90%，应对攻击：防御技能冷却-1。,晶石蜗（火山琉璃的样子）|晶石蜗（蓝锥矿的样子）|晶石蜗（莲花刚玉的样子）|晶石蜗（烧蓝黄金的样子）|晶石蜗（西瓜碧玺的样子）|晶石蜗（星彩榴石的样子）|矿晶虫|钻石蜗（火山琉璃的样子）|钻石蜗（蓝锥矿的样子）|钻石蜗（莲花刚玉的样子）|钻石蜗（烧蓝黄金的样子）|钻石蜗（西瓜碧玺的样子）|钻石蜗（星彩榴石的样子）|布克棱岩|布是石|布是岩|迷嶂布莱克|多多|多啦多|古啦多|棋齐垒（白子）|棋齐垒（黑子）|波多西|多西|库多西|捕尘长绒|毛头小蛛|食尘短绒|陨星虫|奔波鼠|流浪鼠|月牙雪熊
不动如山,地,状态,2,0,减伤90%，应对攻击。,石冠王蜥（本来的样子）|石冠王蜥（球球尾巴的样子）|布克棱岩|布是石|布是岩|迷嶂布莱克|祭礼巨像|仪使者|仪式巨像|仪式之星|巨灵石|石石|棋齐垒（白子）|棋齐垒（黑子）|棋契陛下（棋齐垒-白子）|棋契陛下（棋齐垒-黑子）|波多西|奔波鼠|流浪鼠
刺盾,地,状态,3,0,减伤70%，应对攻击：敌方获得物攻-50%。,晶石蜗（火山琉璃的样子）|晶石蜗（蓝锥矿的样子）|晶石蜗（莲花刚玉的样子）|晶石蜗（烧蓝黄金的样子）|晶石蜗（西瓜碧玺的样子）|晶石蜗（星彩榴石的样子）|蹦床松鼠|石刺蜥（本来的样子）|石刺蜥（球球尾巴的样子）|石肤蜥（本来的样子）|石肤蜥（球球尾巴的样子）|石冠王蜥（本来的样子）|石冠王蜥（球球尾巴的样子）|古啦多|嗜波螺|鳗尾兽|波多西|迷迷箱怪|陨星虫|疾光千兽|流浪鼠
地刺,地,物理,3,95,造成物伤，应对状态：额外打断被应对技能。,晶石蜗（火山琉璃的样子）|晶石蜗（蓝锥矿的样子）|晶石蜗（莲花刚玉的样子）|晶石蜗（烧蓝黄金的样子）|晶石蜗（西瓜碧玺的样子）|晶石蜗（星彩榴石的样子）|矿晶虫|钻石蜗（火山琉璃的样子）|钻石蜗（蓝锥矿的样子）|钻石蜗（莲花刚玉的样子）|钻石蜗（烧蓝黄金的样子）|钻石蜗（西瓜碧玺的样子）|钻石蜗（星彩榴石的样子）|丢丢（沙地附近的样子）|卡卡虫（沙地附近的样子）|卡瓦重（沙地附近的样子）|巨噬针鼹|石冠王蜥（本来的样子）|石冠王蜥（球球尾巴的样子）|布克棱岩|布是石|布是岩|迷嶂布莱克|阿米亚特|阿米樱|罗隐|地鼠（储水期的样子）|地鼠（枯水期的样子）|遁地鼠（储水期的样子）|遁地鼠（枯水期的样子）|遁鼠（储水期的样子）|遁鼠（枯水期的样子）|呼呼猪|獠牙猪|针叶巡林|声波缇塔|展开全部 52 只精灵
地陷,地,物理,5,70,造成物伤，自己获得物防+60%，应对状态：本次技能威力翻倍，且物防额外+60%。,记忆石|石刺蜥（本来的样子）|石刺蜥（球球尾巴的样子）|石肤蜥（本来的样子）|石肤蜥（球球尾巴的样子）|石冠王蜥（本来的样子）|石冠王蜥（球球尾巴的样子）|罗隐|多多|多啦多|古啦多|波波螺|嗜波螺|消波螺|棋骑士（白子）|棋骑士（黑子）|圣剑-X|泥吼牙
地震,地,物理,10,190,对敌方精灵造成物理伤害。,记忆石|布克棱岩|布是石|布是岩|迷嶂布莱克|阿米亚特|阿米樱|罗隐|獠牙猪|巨灵石|波多西|多西|库多西
遁地,地,状态,3,0,减伤50%并脱离，应对攻击。,晶石蜗（火山琉璃的样子）|晶石蜗（蓝锥矿的样子）|晶石蜗（莲花刚玉的样子）|晶石蜗（烧蓝黄金的样子）|晶石蜗（西瓜碧玺的样子）|晶石蜗（星彩榴石的样子）|蹦床松鼠|石刺蜥（本来的样子）|石刺蜥（球球尾巴的样子）|石肤蜥（本来的样子）|石肤蜥（球球尾巴的样子）|石冠王蜥（本来的样子）|石冠王蜥（球球尾巴的样子）|布克棱岩|古啦多|嗜波螺|花怨鳗|鳗尾兽|波多西|绒光优优
跺地,地,物理,2,80,对敌方精灵造成物理伤害。,迪莫|岚鸟（本来的样子）|岚鸟（春天的样子）|岚鸟（秋天的样子）|岚鸟（夏天的样子）|幻影灵菇|晶石蜗（火山琉璃的样子）|晶石蜗（蓝锥矿的样子）|晶石蜗（莲花刚玉的样子）|晶石蜗（烧蓝黄金的样子）|晶石蜗（西瓜碧玺的样子）|晶石蜗（星彩榴石的样子）|矿晶虫|钻石蜗（火山琉璃的样子）|钻石蜗（蓝锥矿的样子）|钻石蜗（莲花刚玉的样子）|钻石蜗（烧蓝黄金的样子）|钻石蜗（西瓜碧玺的样子）|钻石蜗（星彩榴石的样子）|卡瓦重（草地附近的样子）|卡瓦重（沙地附近的样子）|卡瓦重（雪山附近的样子）|利灯鱼|记忆石|瞌睡王|巨噬针鼹|石冠王蜥（本来的样子）|石冠王蜥（球球尾巴的样子）|彩蝶鲨|奇丽花|叮叮恶魔|魔眷鸟|布克棱岩|布是石|布是岩|迷嶂布莱克|展开全部 114 只精灵
钧势,地,状态,3,0,自己获得物防+140%和速度-30。,卡瓦重（沙地附近的样子）|记忆石|石刺蜥（本来的样子）|石刺蜥（球球尾巴的样子）|石肤蜥（本来的样子）|石肤蜥（球球尾巴的样子）|石冠王蜥（本来的样子）|石冠王蜥（球球尾巴的样子）|奇丽花|阿米亚特|阿米樱|罗隐|祭礼巨像|仪使者|仪式巨像|仪式之星|獠牙猪|巨灵石|石石|针叶巡林|九幽菇|棋祈督（白子）|棋祈督（黑子）|棋骑士（白子）|棋骑士（黑子）|棋棋（白子）|棋棋（黑子）|棋绮后（白子）|棋绮后（黑子）|棋契陛下（棋祈督-白子）|棋契陛下（棋祈督-黑子）|棋契陛下（棋骑士-白子）|棋契陛下（棋骑士-黑子）|棋契陛下（棋绮后-白子）|棋契陛下（棋绮后-黑子）|圣剑-X|展开全部 41 只精灵
裂石,地,物理,3,85,造成物伤，应对状态：敌方获得物防-80%。,记忆石|地鼠（储水期的样子）|地鼠（枯水期的样子）|遁地鼠（储水期的样子）|遁地鼠（枯水期的样子）|遁鼠（储水期的样子）|遁鼠（枯水期的样子）|爵士鹿
流沙,地,状态,2,0,敌方3回合无法更换精灵，应对防御：敌方获得双防-60%。,奇丽花|祭礼巨像|仪使者|仪式巨像|仪式之星|巨灵石|石石|多菇丁|菇菇丁|九幽菇|棋祈督（白子）|棋祈督（黑子）|绒光优优|优优
落石,地,物理,1,55,造成物伤，1连击。,丢丢（沙地附近的样子）|卡卡虫（沙地附近的样子）|卡瓦重（沙地附近的样子）|蹦床松鼠|石刺蜥（本来的样子）|石刺蜥（球球尾巴的样子）|石肤蜥（本来的样子）|石肤蜥（球球尾巴的样子）|石冠王蜥（本来的样子）|石冠王蜥（球球尾巴的样子）|奇丽花|祭礼巨像|仪使者|仪式巨像|仪式之星|针叶巡林|声波缇塔|绅士鸡|武者鸡|泥吼牙|吸泥鸥|陨星虫|冰钻布鲁斯|烈火守护|怒目怂猫
鸣沙陷阱,地,物理,4,60,造成物伤，物防比敌方越高，本次技能威力越高。,阿米亚特|阿米樱|罗隐|多菇丁|菇菇丁|九幽菇|棋齐垒（白子）|棋齐垒（黑子）|棋骑士（白子）|棋骑士（黑子）|棋棋（白子）|棋棋（黑子）|棋绮后（白子）|棋绮后（黑子）|棋契陛下（棋齐垒-白子）|棋契陛下（棋齐垒-黑子）|棋契陛下（棋骑士-白子）|棋契陛下（棋骑士-黑子）|圣剑-X|波多西|多西|库多西|泥吼牙|吸泥鸥|火焰猿|月牙雪熊|上岸蛙
泥巴喷射,地,魔法,1,60,对敌方精灵造成魔法伤害。,晶石蜗（火山琉璃的样子）|晶石蜗（蓝锥矿的样子）|晶石蜗（莲花刚玉的样子）|晶石蜗（烧蓝黄金的样子）|晶石蜗（西瓜碧玺的样子）|晶石蜗（星彩榴石的样子）|卷胡巨獭|蹦床松鼠|记忆石|石刺蜥（本来的样子）|石刺蜥（球球尾巴的样子）|石肤蜥（本来的样子）|石肤蜥（球球尾巴的样子）|石冠王蜥（本来的样子）|石冠王蜥（球球尾巴的样子）|巨灵石|石石|闪电鳗鱼|海枝枝（杏黄百合）|绅士鸡|迷迷箱怪|陨星虫|怒目怂猫|奔波鼠|流浪鼠|绒光优优|优优
泥浆,地,魔法,0,40,对敌方精灵造成魔法伤害。,晶石蜗（火山琉璃的样子）|晶石蜗（蓝锥矿的样子）|晶石蜗（莲花刚玉的样子）|晶石蜗（烧蓝黄金的样子）|晶石蜗（西瓜碧玺的样子）|晶石蜗（星彩榴石的样子）|矿晶虫|钻石蜗（火山琉璃的样子）|钻石蜗（蓝锥矿的样子）|钻石蜗（莲花刚玉的样子）|钻石蜗（烧蓝黄金的样子）|钻石蜗（西瓜碧玺的样子）|钻石蜗（星彩榴石的样子）|花怨鳗|鳗尾兽|奔波鼠|流浪鼠|绒光优优|优优
泥浆铠甲,地,状态,2,0,自己获得物攻和物防+40%，应对防御：额外使自己的增益翻倍。,权|权杖-Ⅴ|魔力猫|火神|鸭吉吉（紧实的样子）|鸭吉吉（蓬松的样子）|岚鸟（秋天的样子）|红绒十字|幽冥眼（闭眼的样子）|幽冥眼（睁眼的样子）|千棘盔（本来的样子）|千棘盔（磨损的样子）|嘟嘟锅|化蝶（喵喵的样子）|化蝶（平常的样子）|化蝶（奇丽花的样子）|化蝶（幽冥眼的样子）|记忆石|幽影树|立方人|蹦蹦花（彩玉球形态）|蹦蹦花（短毛球形态）|蹦蹦花（海神球形态）|蹦蹦花（象牙球形态）|花衣蝶|梦悠悠（穿旧睡衣的样子）|魔草巫灵|兽花蕾|朔夜伊芙|奇丽花|锤头鹳|花影羚羊|阿米亚特|阿米樱|罗隐|祭礼巨像|仪使者|展开全部 69 只精灵
泥沼,未知,—,—,—,当前还没有补到明确效果描述。,当前还没有整理到可学习精灵数据。
抛石,地,物理,30,140,造成物伤，回合结束时，本技能能耗永久-5。,记忆石|祭礼巨像|仪使者|仪式巨像|仪式之星|地鼠（储水期的样子）|地鼠（枯水期的样子）|遁地鼠（储水期的样子）|遁地鼠（枯水期的样子）|遁鼠（储水期的样子）|遁鼠（枯水期的样子）|九幽菇|波波螺|嗜波螺|消波螺|棋绮后（白子）|棋绮后（黑子）
热砂,地,魔法,2,80,对敌方精灵造成魔法伤害。,迪莫|圣光迪莫|祭礼巨像|仪使者|仪式巨像|仪式之星|菊花梨|多菇丁|菇菇丁|九幽菇|波波螺|嗜波螺|消波螺|花怨鳗|鳗尾兽|奔波鼠|流浪鼠|绒光优优|优优
沙涌,地,状态,7,0,将天气改为沙暴，每过1回合，本技能能耗永久-1。,记忆石|布克棱岩|布是石|布是岩|迷嶂布莱克|祭礼巨像|仪使者|仪式巨像|仪式之星|遁地鼠（储水期的样子）|遁地鼠（枯水期的样子）|巨灵石|石石|九幽菇|波波螺|嗜波螺|消波螺|棋祈督（白子）|棋祈督（黑子）|花怨鳗|鳗尾兽|捕尘长绒|毛头小蛛|食尘短绒|奔波鼠|流浪鼠|绒光优优
石肤术,地,状态,3,0,自己获得物防+160%和魔防-60%。,岚鸟（秋天的样子）|丢丢（沙地附近的样子）|卡卡虫（沙地附近的样子）|卡瓦重（沙地附近的样子）|石刺蜥（本来的样子）|石刺蜥（球球尾巴的样子）|石肤蜥（本来的样子）|石肤蜥（球球尾巴的样子）|石冠王蜥（本来的样子）|石冠王蜥（球球尾巴的样子）|罗隐|地鼠（储水期的样子）|地鼠（枯水期的样子）|遁地鼠（储水期的样子）|遁地鼠（枯水期的样子）|遁鼠（储水期的样子）|遁鼠（枯水期的样子）|多多|多啦多|古啦多|呼呼猪|獠牙猪|巨灵石|多菇丁|菇菇丁|九幽菇|声波缇塔|棋齐垒（白子）|棋齐垒（黑子）|棋祈督（白子）|棋祈督（黑子）|棋骑士（白子）|棋骑士（黑子）|棋绮后（白子）|棋绮后（黑子）|棋契陛下（棋齐垒-白子）|展开全部 49 只精灵
石锁,地,物理,3,50,造成物伤，敌方3回合无法更换精灵。,石刺蜥（本来的样子）|石刺蜥（球球尾巴的样子）|石肤蜥（本来的样子）|石肤蜥（球球尾巴的样子）|石冠王蜥（本来的样子）|石冠王蜥（球球尾巴的样子）|布克棱岩|布是石|布是岩|迷嶂布莱克|地鼠（储水期的样子）|地鼠（枯水期的样子）|遁地鼠（储水期的样子）|遁地鼠（枯水期的样子）|遁鼠（储水期的样子）|遁鼠（枯水期的样子）|多多|多啦多|古啦多|呼呼猪|獠牙猪|捕尘长绒|毛头小蛛|食尘短绒
岩脉崩毁,地,物理,4,120,造成物伤，本技能能耗固定为4。,卡瓦重（沙地附近的样子）|布克棱岩|布是石|布是岩|迷嶂布莱克|地鼠（储水期的样子）|地鼠（枯水期的样子）|遁地鼠（储水期的样子）|遁地鼠（枯水期的样子）|遁鼠（储水期的样子）|遁鼠（枯水期的样子）|呼呼猪|獠牙猪|棋祈督（白子）|棋祈督（黑子）|棋绮后（白子）|棋绮后（黑子）|棋契陛下（棋祈督-白子）|棋契陛下（棋祈督-黑子）|棋契陛下（棋绮后-白子）|棋契陛下（棋绮后-黑子）|花怨鳗|鳗尾兽
岩土暴击,地,物理,8,140,造成物伤，每被攻击1次，本技能能耗永久-1。,石刺蜥（本来的样子）|石刺蜥（球球尾巴的样子）|石肤蜥（本来的样子）|石肤蜥（球球尾巴的样子）|石冠王蜥（本来的样子）|石冠王蜥（球球尾巴的样子）|布克棱岩|布是石|布是岩|迷嶂布莱克|阿米亚特|阿米樱|罗隐|古啦多|巨灵石|石石|波波螺|嗜波螺|消波螺|棋齐垒（白子）|棋齐垒（黑子）|棋祈督（白子）|棋祈督（黑子）|棋骑士（白子）|棋骑士（黑子）|棋棋（白子）|棋棋（黑子）|棋契陛下（棋骑士-白子）|棋契陛下（棋骑士-黑子）|鳗尾兽|波多西|多西|库多西|泥吼牙|吸泥鸥|捕尘长绒|展开全部 39 只精灵
扬沙,地,物理,1,60,对敌方精灵造成物理伤害。,迪莫|芋香巨角蛛|晶石蜗（火山琉璃的样子）|晶石蜗（蓝锥矿的样子）|晶石蜗（莲花刚玉的样子）|晶石蜗（烧蓝黄金的样子）|晶石蜗（西瓜碧玺的样子）|晶石蜗（星彩榴石的样子）|矿晶虫|钻石蜗（火山琉璃的样子）|钻石蜗（蓝锥矿的样子）|钻石蜗（莲花刚玉的样子）|钻石蜗（烧蓝黄金的样子）|钻石蜗（西瓜碧玺的样子）|钻石蜗（星彩榴石的样子）|音速犬|记忆石|蒲公英娃娃|星光狮（星光能量的样子）|星光狮（月光能量的样子）|花魁蜂后|布克棱岩|多多|多啦多|古啦多|龙鱼|荆棘电环|窃光蚊|斑枭|棋齐垒（白子）|棋齐垒（黑子）|棋祈督（白子）|棋祈督（黑子）|棋骑士（白子）|棋骑士（黑子）|棋绮后（白子）|展开全部 50 只精灵
硬化,地,状态,2,0,减伤90%，若上次使用攻击技则本技能能耗-2，应对攻击。,卷胡巨獭|蹦床松鼠|石刺蜥（本来的样子）|石刺蜥（球球尾巴的样子）|石肤蜥（本来的样子）|石肤蜥（球球尾巴的样子）|石冠王蜥（本来的样子）|石冠王蜥（球球尾巴的样子）|布克棱岩|布是石|布是岩|迷嶂布莱克|祭礼巨像|仪使者|仪式巨像|仪式之星|古啦多|闪电鳗鱼|波波螺|嗜波螺|消波螺|棋齐垒（白子）|棋齐垒（黑子）|迷迷箱怪|陨星虫|奔波鼠|流浪鼠|绒光优优|优优
淤泥表皮,地,状态,2,0,减伤80%，应对攻击：敌方获得连击数-2。,水灵|水泡壳（本来的样子）|水泡壳（蜕皮时的样子）|晶石蜗（火山琉璃的样子）|晶石蜗（蓝锥矿的样子）|晶石蜗（莲花刚玉的样子）|晶石蜗（烧蓝黄金的样子）|晶石蜗（西瓜碧玺的样子）|晶石蜗（星彩榴石的样子）|矿晶虫|钻石蜗（火山琉璃的样子）|钻石蜗（蓝锥矿的样子）|钻石蜗（莲花刚玉的样子）|钻石蜗（烧蓝黄金的样子）|钻石蜗（西瓜碧玺的样子）|钻石蜗（星彩榴石的样子）|卷胡巨獭|蹦床松鼠|电球咩咩|伊贝粉粉|翠顶夫人|黑羽夫人|怖哭菇|雪巨人|闪电鳗鱼|琉璃水母|海豹船长|多菇丁|菇菇丁|九幽菇|抹茶布丁|熔岩布丁|椰浆布丁|深蓝鲸|花怨鳗|鳗尾兽|展开全部 44 只精灵
陨石,地,魔法,3,100,对敌方精灵造成魔法伤害。,记忆石|石刺蜥（本来的样子）|石刺蜥（球球尾巴的样子）|石肤蜥（本来的样子）|石肤蜥（球球尾巴的样子）|石冠王蜥（本来的样子）|石冠王蜥（球球尾巴的样子）|祭礼巨像|仪使者|仪式巨像|仪式之星|多多|多啦多|古啦多|巨灵石|石石|多菇丁|菇菇丁|九幽菇|波波螺|嗜波螺|消波螺|棋祈督（白子）|棋祈督（黑子）|棋绮后（白子）|棋绮后（黑子）|棋契陛下（棋祈督-白子）|棋契陛下（棋祈督-黑子）|棋契陛下（棋绮后-白子）|棋契陛下（棋绮后-黑子）|圣剑-X|陨星虫|奔波鼠|流浪鼠
震击,地,物理,3,80,造成物理伤害，敌方获得连击数-3。,岚鸟（秋天的样子）|晶石蜗（火山琉璃的样子）|晶石蜗（蓝锥矿的样子）|晶石蜗（莲花刚玉的样子）|晶石蜗（烧蓝黄金的样子）|晶石蜗（西瓜碧玺的样子）|晶石蜗（星彩榴石的样子）|卷胡巨獭|丢丢（沙地附近的样子）|卡卡虫（沙地附近的样子）|卡瓦重（沙地附近的样子）|巨噬针鼹|地鼠（储水期的样子）|地鼠（枯水期的样子）|遁地鼠（储水期的样子）|遁地鼠（枯水期的样子）|遁鼠（储水期的样子）|遁鼠（枯水期的样子）|声波缇塔|爵士鹿|迷迷箱怪|怒目怂猫|上岸蛙
暴风雪,冰,物理,3,85,造成物伤，敌方获得1层冻结。,丢丢（雪山附近的样子）|卡卡虫（雪山附近的样子）|卡瓦重（雪山附近的样子）|雪豆丁|雪巨人|雪蛮人|呼呼猪|獠牙猪|尖嘴狐仙|九尾狐|灵狐|大耳帽兜|帽兜娃娃|雪影冰灵|雪影娃娃|脆筒甜甜|圣代甜甜（蓝莓草莓口味）|圣代甜甜（蓝莓抹茶口味）|圣代甜甜（蓝莓巧克力口味）|圣代甜甜（杨桃草莓口味）|圣代甜甜（杨桃抹茶口味）|圣代甜甜（杨桃巧克力口味）|圣代甜甜（樱桃草莓口味）|圣代甜甜（樱桃抹茶口味）|圣代甜甜（樱桃巧克力口味）|香草甜甜（蓝莓饰品）|香草甜甜（杨桃饰品）|香草甜甜（樱桃饰品）|冰钻布鲁斯|布鲁斯|雪顶布鲁斯|月牙雪熊
冰雹,冰,物理,4,100,造成物伤，应对状态：额外使敌方获得全技能能耗+3。,岚鸟（本来的样子）|晶石蜗（西瓜碧玺的样子）|丢丢（雪山附近的样子）|卡卡虫（雪山附近的样子）|卡瓦重（雪山附近的样子）|瞌睡王|雪豆丁|雪巨人|雪蛮人|呼呼猪|獠牙猪|脆筒甜甜|圣代甜甜（蓝莓草莓口味）|圣代甜甜（蓝莓抹茶口味）|圣代甜甜（蓝莓巧克力口味）|圣代甜甜（杨桃草莓口味）|圣代甜甜（杨桃抹茶口味）|圣代甜甜（杨桃巧克力口味）|圣代甜甜（樱桃草莓口味）|圣代甜甜（樱桃抹茶口味）|圣代甜甜（樱桃巧克力口味）|香草甜甜（蓝莓饰品）|香草甜甜（杨桃饰品）|香草甜甜（樱桃饰品）|冰钻布鲁斯|布鲁斯|雪顶布鲁斯|月牙雪熊
冰刺,冰,物攻,3,85,造成物伤，应对状态：敌方2回合无法换宠。,当前还没有整理到可学习精灵数据。
冰点,冰,状态,2,0,敌方获得5层冻结，应对防御：额外获得5层。,尖嘴狐仙|九尾狐|灵狐|大耳帽兜|帽兜娃娃|雪影冰灵|雪影娃娃|脆筒甜甜|圣代甜甜（蓝莓草莓口味）|圣代甜甜（蓝莓抹茶口味）|圣代甜甜（蓝莓巧克力口味）|圣代甜甜（杨桃草莓口味）|圣代甜甜（杨桃抹茶口味）|圣代甜甜（杨桃巧克力口味）|圣代甜甜（樱桃草莓口味）|圣代甜甜（樱桃抹茶口味）|圣代甜甜（樱桃巧克力口味）|香草甜甜（蓝莓饰品）|香草甜甜（杨桃饰品）|香草甜甜（樱桃饰品）|荆棘电环|电企鹅|月牙雪熊
冰冻光线,冰,魔法,7,100,造成魔伤，敌方获得全技能能耗+2。,冰封怨灵|雪灵|雪娃娃|圣代甜甜（蓝莓草莓口味）|圣代甜甜（蓝莓抹茶口味）|圣代甜甜（蓝莓巧克力口味）|圣代甜甜（杨桃草莓口味）|圣代甜甜（杨桃抹茶口味）|圣代甜甜（杨桃巧克力口味）|圣代甜甜（樱桃草莓口味）|圣代甜甜（樱桃抹茶口味）|圣代甜甜（樱桃巧克力口味）
冰锋横扫,冰,魔法,4,0,造成魔伤，本技能威力等于敌方精灵技能总能耗的10倍。,冰封怨灵|雪灵|雪娃娃|脆筒甜甜|圣代甜甜（蓝莓草莓口味）|圣代甜甜（蓝莓抹茶口味）|圣代甜甜（蓝莓巧克力口味）|圣代甜甜（杨桃草莓口味）|圣代甜甜（杨桃抹茶口味）|圣代甜甜（杨桃巧克力口味）|圣代甜甜（樱桃草莓口味）|圣代甜甜（樱桃抹茶口味）|圣代甜甜（樱桃巧克力口味）|香草甜甜（蓝莓饰品）|香草甜甜（杨桃饰品）|香草甜甜（樱桃饰品）|电企鹅|小电企鹅
冰荆棘,冰,防御,2,—,减伤70%，应对攻击：敌方冻结层数翻倍。,当前还没有整理到可学习精灵数据。
冰捆缚,冰,状态,3,0,2连击，每次连击敌方获得全技能能耗+1。,权|权杖-Ⅴ|丢丢（雪山附近的样子）|卡卡虫（雪山附近的样子）|卡瓦重（雪山附近的样子）|彩蝶鲨|冰封怨灵|雪灵|雪娃娃|雪影娃娃|巨灵石|冰钻布鲁斯|布鲁斯|雪顶布鲁斯
冰墙,冰,状态,2,0,减伤70%，应对攻击：敌方获得2层冻结。,水灵|晶石蜗（西瓜碧玺的样子）|雪豆丁|雪巨人|雪蛮人|雪灵|尖嘴狐仙|大耳帽兜|帽兜娃娃|雪影冰灵|雪影娃娃|海豹船长|椰浆布丁|深蓝鲸|月牙雪熊
冰天雪地,冰,状态,2,0,减伤70%，应对攻击：被应对技能能耗+3。,水灵|雪豆丁|雪巨人|雪蛮人|月牙雪熊
冰爪,冰,物理,2,80,对敌方精灵造成物理伤害。,权|权杖-Ⅴ|迪莫|圣光迪莫|岚鸟（本来的样子）|岚鸟（春天的样子）|岚鸟（秋天的样子）|岚鸟（夏天的样子）|卡瓦重（草地附近的样子）|卡瓦重（沙地附近的样子）|卡瓦重（雪山附近的样子）|记忆石|瞌睡王|巨噬针鼹|翠顶夫人|彩蝶鲨|叮叮恶魔|魔眷鸟|罗隐|恶魔狼|咔咔鸟|遁地鼠（储水期的样子）|遁地鼠（枯水期的样子）|翼龙|白金独角兽|影狸|雪巨人|雪灵|獠牙猪|尖嘴狐仙|雪影娃娃|海豹船长|圣代甜甜（蓝莓草莓口味）|圣代甜甜（蓝莓抹茶口味）|圣代甜甜（蓝莓巧克力口味）|圣代甜甜（杨桃草莓口味）|圣代甜甜（杨桃抹茶口味）|展开全部 65 只精灵
冰锥,冰,物理,0,40,对敌方精灵造成物理伤害。,丢丢（雪山附近的样子）|卡卡虫（雪山附近的样子）|卡瓦重（雪山附近的样子）|雪豆丁|雪巨人|雪蛮人|冰封怨灵|雪灵|雪娃娃|迷你乌（极夜的样子）|乌达（极夜的样子）|乌拉塔（极夜的样子）|月牙雪熊
打雪仗,冰,魔法,3,45,造成魔伤，2连击。,权|权杖-Ⅴ|尖嘴狐仙|九尾狐|灵狐|椰浆布丁|寒音蛇
冬至,冰,状态,7,0,将天气改为暴风雪。本技能能耗降低，降低值等于敌方技能总能耗。,丢丢（雪山附近的样子）|卡卡虫（雪山附近的样子）|卡瓦重（雪山附近的样子）|雪灵|尖嘴狐仙|九尾狐|灵狐|大耳帽兜|帽兜娃娃|雪影冰灵|雪影娃娃
堆雪人,冰,魔攻,2,60,造成魔伤，降低敌方20%魔防。,当前还没有整理到可学习精灵数据。
风吹雪,冰,魔法,0,30,造成魔伤，自己回复1能量。,大耳帽兜|帽兜娃娃|雪影冰灵|雪影娃娃|脆筒甜甜|圣代甜甜（蓝莓草莓口味）|圣代甜甜（蓝莓抹茶口味）|圣代甜甜（蓝莓巧克力口味）|圣代甜甜（杨桃草莓口味）|圣代甜甜（杨桃抹茶口味）|圣代甜甜（杨桃巧克力口味）|圣代甜甜（樱桃草莓口味）|圣代甜甜（樱桃抹茶口味）|圣代甜甜（樱桃巧克力口味）|香草甜甜（蓝莓饰品）|香草甜甜（杨桃饰品）|香草甜甜（樱桃饰品）|电企鹅|小电企鹅
缓冻,冰,魔攻,3,85,造成物伤，敌方速度-10。,当前还没有整理到可学习精灵数据。
极寒领域,冰,魔法,6,105,造成魔伤，若敌方有冻结，本次技能威力+60，应对状态：使冻结翻倍。,彩蝶鲨|白金独角兽|脆筒甜甜|圣代甜甜（蓝莓草莓口味）|圣代甜甜（蓝莓抹茶口味）|圣代甜甜（蓝莓巧克力口味）|圣代甜甜（杨桃草莓口味）|圣代甜甜（杨桃抹茶口味）|圣代甜甜（杨桃巧克力口味）|圣代甜甜（樱桃草莓口味）|圣代甜甜（樱桃抹茶口味）|圣代甜甜（樱桃巧克力口味）|香草甜甜（蓝莓饰品）|香草甜甜（杨桃饰品）|香草甜甜（樱桃饰品）|电企鹅|小电企鹅
极速冷冻,冰,状态,2,—,本回合敌方释放的技能能耗+2，应对防御：能耗+4。,当前还没有整理到可学习精灵数据。
冷风,冰,魔法,1,60,对敌方精灵造成魔法伤害。,迪莫|水灵|岚鸟（本来的样子）|芋香巨角蛛|音速犬|蒲公英娃娃|瞌睡王|花魁蜂后|白金独角兽|风滚暮虫（金黄的样子）|风滚暮虫（枯叶的样子）|菊花梨|尖嘴狐仙|九尾狐|灵狐|雪影娃娃|针叶巡林|龙鱼|海豹船长|海枝枝（碧蓝珊瑚）|海枝枝（翠绿纶布）|海枝枝（杏黄百合）|海枝枝（洋红沙丁）|椰浆布丁|窃光蚊|斑枭|深蓝鲸|伊兰亚龙|圣剑-X|夜枭|绅士鸡|燃薪虫|寒音蛇|格兰球|裘卡|圣羽翼王|展开全部 42 只精灵
霜冻,冰,状态,1,0,敌方获得魔防-100%。,呼呼猪|獠牙猪|椰浆布丁|电企鹅|小电企鹅
霜降,冰,状态,1,0,敌方获得4层冻结效果。,权|权杖-Ⅴ|魔力猫|火神|鸭吉吉（紧实的样子）|鸭吉吉（蓬松的样子）|红绒十字|幽冥眼（闭眼的样子）|幽冥眼（睁眼的样子）|千棘盔（本来的样子）|千棘盔（磨损的样子）|利灯鱼|嘟嘟锅|化蝶（喵喵的样子）|化蝶（平常的样子）|化蝶（奇丽花的样子）|化蝶（幽冥眼的样子）|幽影树|立方人|蹦蹦花（彩玉球形态）|蹦蹦花（短毛球形态）|蹦蹦花（海神球形态）|蹦蹦花（象牙球形态）|花衣蝶|梦悠悠（穿旧睡衣的样子）|魔草巫灵|兽花蕾|星光狮（星光能量的样子）|星光狮（月光能量的样子）|朔夜伊芙|奇丽花|锤头鹳|花影羚羊|仪式巨像|尖嘴狐仙|九尾狐|灵狐|展开全部 85 只精灵
霜天,冰,状态,4,0,敌方获得3层冻结，且每有1层冻结获得全技能能耗+1。,雪豆丁|雪巨人|雪蛮人|雪影娃娃|脆筒甜甜|圣代甜甜（蓝莓草莓口味）|圣代甜甜（蓝莓抹茶口味）|圣代甜甜（蓝莓巧克力口味）|圣代甜甜（杨桃草莓口味）|圣代甜甜（杨桃抹茶口味）|圣代甜甜（杨桃巧克力口味）|圣代甜甜（樱桃草莓口味）|圣代甜甜（樱桃抹茶口味）|圣代甜甜（樱桃巧克力口味）|香草甜甜（蓝莓饰品）|香草甜甜（杨桃饰品）|香草甜甜（樱桃饰品）|月牙雪熊
速冻,冰,状态,4,0,敌方获得2层减速印记。,水灵|岚鸟（本来的样子）|丢丢（雪山附近的样子）|卡卡虫（雪山附近的样子）|卡瓦重（雪山附近的样子）|白金独角兽|冰封怨灵|雪灵|雪娃娃|尖嘴狐仙|里拉鳐|荆棘电环|深蓝鲸|冰钻布鲁斯|布鲁斯|雪顶布鲁斯
碎冰冰,冰,魔法,3,40,造成魔伤，敌方每有1层冻结，本次技能威力+20。,大耳帽兜|帽兜娃娃|雪影冰灵|雪影娃娃|脆筒甜甜|圣代甜甜（蓝莓草莓口味）|圣代甜甜（蓝莓抹茶口味）|圣代甜甜（蓝莓巧克力口味）|圣代甜甜（杨桃草莓口味）|圣代甜甜（杨桃抹茶口味）|圣代甜甜（杨桃巧克力口味）|圣代甜甜（樱桃草莓口味）|圣代甜甜（樱桃抹茶口味）|圣代甜甜（樱桃巧克力口味）|香草甜甜（蓝莓饰品）|香草甜甜（杨桃饰品）|香草甜甜（樱桃饰品）
碎冰击,冰,物攻,4,90,造成物伤，敌方获得技能能耗+1。,当前还没有整理到可学习精灵数据。
雾气环绕,冰,状态,1,0,回复能量，回复值等于敌方技能总能耗的一半。,冰封怨灵|雪灵|雪娃娃|大耳帽兜|帽兜娃娃|雪影冰灵|雪影娃娃|脆筒甜甜|圣代甜甜（蓝莓草莓口味）|圣代甜甜（蓝莓抹茶口味）|圣代甜甜（蓝莓巧克力口味）|圣代甜甜（杨桃草莓口味）|圣代甜甜（杨桃抹茶口味）|圣代甜甜（杨桃巧克力口味）|圣代甜甜（樱桃草莓口味）|圣代甜甜（樱桃抹茶口味）|圣代甜甜（樱桃巧克力口味）|香草甜甜（蓝莓饰品）|香草甜甜（杨桃饰品）|香草甜甜（樱桃饰品）|迷你乌（极夜的样子）|乌达（极夜的样子）|乌拉塔（极夜的样子）|电企鹅|小电企鹅
雪球,冰,状态,1,0,敌方获得速度-90。,权|权杖-Ⅴ|瞌睡王|雪豆丁|雪巨人|雪蛮人|冰封怨灵|雪灵|雪娃娃|呼呼猪|獠牙猪
雪替身,冰,状态,2,0,减伤70%，应对攻击：回复能量，回复值等于被应对技能能耗的2倍。,水灵|水泡壳（本来的样子）|水泡壳（蜕皮时的样子）|幻影灵菇|晶石蜗（火山琉璃的样子）|晶石蜗（蓝锥矿的样子）|晶石蜗（莲花刚玉的样子）|晶石蜗（烧蓝黄金的样子）|晶石蜗（西瓜碧玺的样子）|晶石蜗（星彩榴石的样子）|卷胡巨獭|蹦床松鼠|电球咩咩|伊贝粉粉|石冠王蜥（本来的样子）|石冠王蜥（球球尾巴的样子）|黑羽夫人|布克棱岩|古啦多|怖哭菇|雪豆丁|雪巨人|雪蛮人|冰封怨灵|雪灵|雪娃娃|炽心勇狮|闪电鳗鱼|琉璃水母|海豹船长|抹茶布丁|熔岩布丁|深蓝鲸|嗜波螺|棋齐垒（白子）|棋齐垒（黑子）|展开全部 46 只精灵
吹炎,龙,物理,3,170,蓄力，造成物伤，应对状态：本次技能威力翻倍。,翼龙|大头骨龙|寂灭骨龙|龙息帕尔
架势,龙,状态,2,0,自己回复20%生命，下次技能无需蓄力。,豆丁鱼|快鳍鱼|龙鱼|公平鸽|伊兰龙|伊兰亚龙|伊雷龙|大头骨龙|寂灭骨龙|阿布|超能阿布
角击,龙,魔法,2,80,对敌方精灵造成魔法伤害。,翼龙|豆丁鱼|快鳍鱼|龙鱼|伊兰龙|伊兰亚龙|伊雷龙|寂灭骨龙
龙吼,龙,物理,1,60,对敌方精灵造成物理伤害。,龙鱼|伊兰亚龙|大头骨龙|寂灭骨龙|龙息帕尔|圣羽翼王
龙炮,龙,物理,3,100,对敌方精灵造成物理伤害。,小翼龙|翼龙|豆丁鱼|快鳍鱼|龙鱼|圣羽翼王|阿布|超能阿布
龙威,龙,状态,3,0,自己获得1层龙噬印记 。,小翼龙|翼龙|伊兰龙|伊兰亚龙|伊雷龙|大头骨龙|寂灭骨龙|阿布|超能阿布
龙息环爆,龙,魔法,1,50,造成魔伤，应对状态：下次技能无需蓄力。,小翼龙|翼龙|豆丁鱼|快鳍鱼|龙鱼|伊兰龙|伊兰亚龙|伊雷龙
龙血,龙,状态,2,0,减伤60%，本技能可以在蓄力状态下使用，应对攻击：下次技能无需蓄力。,大头骨龙|寂灭骨龙|阿布|超能阿布
龙爪,龙,物理,4,120,对敌方精灵造成物理伤害。,小翼龙|翼龙
龙之利爪,龙,物理,3,130,蓄力，造成物伤并吸血50%。,火神|恶魔狼|小翼龙|翼龙|豆丁鱼|快鳍鱼|龙鱼|公平鸽|白发路路|噼啪鸟|大头骨龙|寂灭骨龙|龙息帕尔|阿布|超能阿布
龙之舞,未知,—,—,—,当前还没有补到明确效果描述。,当前还没有整理到可学习精灵数据。
绵里藏针,龙,魔法,2,50,造成魔伤，若敌方上回合没受到技能伤害，本技能威力永久+30。,公平鸽|伊兰龙|伊兰亚龙|伊雷龙|白发路路|噼啪鸟|阿布|超能阿布
升龙咆哮,龙,魔法,3,200,蓄力，对敌方造成魔法伤害。,权|权杖-Ⅴ|迪莫|魔力猫|火神|水灵|鸭吉吉（紧实的样子）|鸭吉吉（蓬松的样子）|水泡壳（本来的样子）|水泡壳（蜕皮时的样子）|岚鸟（本来的样子）|岚鸟（春天的样子）|岚鸟（秋天的样子）|岚鸟（夏天的样子）|芋香巨角蛛|幻影灵菇|红绒十字|晶石蜗（火山琉璃的样子）|晶石蜗（蓝锥矿的样子）|晶石蜗（莲花刚玉的样子）|晶石蜗（烧蓝黄金的样子）|晶石蜗（西瓜碧玺的样子）|晶石蜗（星彩榴石的样子）|卷胡巨獭|音速犬|卡瓦重（草地附近的样子）|卡瓦重（沙地附近的样子）|卡瓦重（雪山附近的样子）|蹦床松鼠|幽冥眼（闭眼的样子）|幽冥眼（睁眼的样子）|千棘盔（本来的样子）|千棘盔（磨损的样子）|利灯鱼|嘟嘟锅|化蝶（喵喵的样子）|化蝶（平常的样子）|展开全部 189 只精灵
隼鳞,龙,物理,5,140,对敌方精灵造成物理伤害。,大头骨龙|寂灭骨龙|龙息帕尔
怨力打击,龙,魔法,3,1,蓄力，造成魔伤，若蓄力期间受到攻击，本技能威力变为敌方技能威力的3倍。,豆丁鱼|快鳍鱼|龙鱼|伊兰龙|伊兰亚龙|伊雷龙|阿布|超能阿布
超导,电,魔法,3,95,造成魔伤，迸发：本技能能耗-1。,迪莫|圣光迪莫|晶石蜗（烧蓝黄金的样子）|利灯鱼|双灯鱼|小星光（星光能量的样子）|小星光（月光能量的样子）|星光狮（星光能量的样子）|星光狮（月光能量的样子）|白金独角兽|龙鱼|梦想三三|伊兰亚龙|酷拉|拉特|裘卡|粉粉星|小皮球|雅丹鬃
超导加速,电,魔法,2,60,造成魔伤，自身获得速度+30。,利灯鱼|酷拉|拉特|噼啪鸟|电企鹅|小电企鹅|流浪鼠
触电,电,魔攻,2,80,对敌方精灵造成魔法伤害。,利灯鱼|电球咩咩|星光狮（星光能量的样子）|星光狮（月光能量的样子）|闪电鳗鱼|琉璃水母|爵士鹿|荆棘电环|伊兰亚龙|酷拉|噼啪鸟|帕帕斯卡|小皮球|电企鹅
磁干扰,电,魔法,1,60,对敌方精灵造成魔法伤害。,小星光（星光能量的样子）|星光狮（星光能量的样子）|彩蝶鲨|白金独角兽|风滚暮虫（金黄的样子）|风滚暮虫（枯叶的样子）|菊花梨|圣代甜甜（蓝莓草莓口味）|圣代甜甜（蓝莓抹茶口味）|圣代甜甜（蓝莓巧克力口味）|圣代甜甜（杨桃草莓口味）|圣代甜甜（杨桃抹茶口味）|圣代甜甜（杨桃巧克力口味）|圣代甜甜（樱桃草莓口味）|圣代甜甜（樱桃抹茶口味）|圣代甜甜（樱桃巧克力口味）|海枝枝（碧蓝珊瑚）|海枝枝（翠绿纶布）|海枝枝（杏黄百合）|海枝枝（洋红沙丁）|格兰球|画间法师手|上岸蛙
导电撞击,电,物理,0,40,对敌方精灵造成物理伤害。,音速犬|小星光（月光能量的样子）|星光狮（月光能量的样子）|奔乐鹿|波普鹿|电动长颈鹿|爵士鹿|刺电环|荆棘电环|闪电环
电磁偏转,电,状态,3,0,减伤60%，应对攻击：下回合所选技能使用次数+1。,晶石蜗（烧蓝黄金的样子）|立方人|电咩咩|电球咩咩|粉咩咩|胆小鳗鱼|闪电鳗鱼|梦想三三|寂灭骨龙|粉粉星|小皮球
电弧,电,物理,3,80,造成物伤，迸发：本次技能威力+40。,迪莫|立方人|龙鱼|胆小鳗鱼|闪电鳗鱼|奔乐鹿|波普鹿|电动长颈鹿|爵士鹿|刺电环|荆棘电环|闪电环|酷拉|拉特|噼啪鸟|帕帕斯卡|裘卡|寂灭骨龙
电离爆破,电,状态,3,0,敌方获得速度-40，3连击。,电咩咩|电球咩咩|粉咩咩|小星光（星光能量的样子）|星光狮（星光能量的样子）|胆小鳗鱼|闪电鳗鱼|刺电环|荆棘电环|闪电环|酷拉
电流,电,魔法,0,40,对敌方精灵造成魔法伤害。,刺电环|荆棘电环|闪电环|电企鹅|小电企鹅
感电,电,魔法,2,60,造成魔伤，每离场1次，本技能使用次数永久+1。,电咩咩|电球咩咩|粉咩咩|粉粉星|小皮球|电企鹅|小电企鹅|流浪鼠
过载回路,电,状态,1,0,自己返场，下回合所选技能使用次数+1。,音速犬|立方人|小星光（星光能量的样子）|星光狮（星光能量的样子）|奔乐鹿|波普鹿|电动长颈鹿|爵士鹿|梦想三三|伊兰亚龙|酷拉|拉特|噼啪鸟|帕帕斯卡|粉粉星|小皮球|电企鹅
集中,电,状态,2,0,减伤70%，应对攻击：自己回合结束返场。,水灵|水泡壳（本来的样子）|水泡壳（蜕皮时的样子）|幻影灵菇|晶石蜗（火山琉璃的样子）|晶石蜗（蓝锥矿的样子）|晶石蜗（莲花刚玉的样子）|晶石蜗（烧蓝黄金的样子）|晶石蜗（西瓜碧玺的样子）|晶石蜗（星彩榴石的样子）|卷胡巨獭|蹦床松鼠|电咩咩|电球咩咩|粉咩咩|伊贝粉粉|石冠王蜥（本来的样子）|石冠王蜥（球球尾巴的样子）|翠顶夫人|黑羽夫人|布克棱岩|古啦多|怖哭菇|雪巨人|炽心勇狮|胆小鳗鱼|闪电鳗鱼|海豹船长|抹茶布丁|熔岩布丁|椰浆布丁|深蓝鲸|嗜波螺|棋齐垒（白子）|棋齐垒（黑子）|鳗尾兽|展开全部 46 只精灵
加大功率,电,状态,4,0,自己脱离，被替换入场的精灵回复8能量。,利灯鱼|双灯鱼|小星光（月光能量的样子）|星光狮（月光能量的样子）|刺电环|荆棘电环|闪电环|小皮球|雅丹鬃
交叉闪电,电,物理,3,100,对敌方精灵造成物理伤害。,晶石蜗（烧蓝黄金的样子）|小星光（星光能量的样子）|星光狮（星光能量的样子）|胆小鳗鱼|闪电鳗鱼|刺电环|荆棘电环|闪电环|梦想三三|噼啪鸟
雷暴,电,魔法,1,55,造成魔伤，迸发：本技能获得所有生效过的迸发效果，每获得1种，本技能能耗+1，威力+10。,小星光（星光能量的样子）|小星光（月光能量的样子）|星光狮（星光能量的样子）|星光狮（月光能量的样子）|胆小鳗鱼|闪电鳗鱼|酷拉|拉特
离子火花,电,物理,2,80,对敌方精灵造成物理伤害。,小星光（星光能量的样子）|小星光（月光能量的样子）|星光狮（星光能量的样子）|星光狮（月光能量的样子）|奔乐鹿|波普鹿|电动长颈鹿|爵士鹿
落雷,电,魔法,4,100,造成魔伤，每次入场，本技能威力永久+20。,利灯鱼|双灯鱼|电咩咩|电球咩咩|粉咩咩|刺电环|荆棘电环|闪电环|粉粉星|小皮球|电企鹅|小电企鹅
麻痹,电,状态,2,0,敌方先手-1，应对防御：额外使敌方获得攻击-70%。,权|权杖-Ⅴ|魔力猫|火神|鸭吉吉（紧实的样子）|鸭吉吉（蓬松的样子）|红绒十字|音速犬|幽冥眼（闭眼的样子）|幽冥眼（睁眼的样子）|千棘盔（本来的样子）|千棘盔（磨损的样子）|嘟嘟锅|化蝶（喵喵的样子）|化蝶（平常的样子）|化蝶（奇丽花的样子）|化蝶（幽冥眼的样子）|幽影树|立方人|蹦蹦花（彩玉球形态）|蹦蹦花（短毛球形态）|蹦蹦花（海神球形态）|蹦蹦花（象牙球形态）|花衣蝶|梦悠悠（穿旧睡衣的样子）|魔草巫灵|兽花蕾|星光狮（星光能量的样子）|星光狮（月光能量的样子）|朔夜伊芙|奇丽花|锤头鹳|花影羚羊|仪式巨像|白金独角兽|雪灵|尖嘴狐仙|展开全部 66 只精灵
强制重启,电,魔法,3,80,造成魔伤，应对状态：回合结束时使敌方精灵返场。,利灯鱼|双灯鱼|电咩咩|电球咩咩|粉咩咩|小星光（星光能量的样子）|小星光（月光能量的样子）|星光狮（星光能量的样子）|星光狮（月光能量的样子）|胆小鳗鱼|闪电鳗鱼|奔乐鹿|波普鹿|电动长颈鹿|爵士鹿|刺电环|荆棘电环|闪电环|伊兰亚龙|酷拉|拉特|噼啪鸟|裘卡|电企鹅|雅丹鬃
球状闪电,电,物理,1,60,对敌方精灵造成物理伤害。,迪莫|岚鸟（本来的样子）|岚鸟（春天的样子）|岚鸟（秋天的样子）|岚鸟（夏天的样子）|芋香巨角蛛|音速犬|卡瓦重（草地附近的样子）|卡瓦重（沙地附近的样子）|卡瓦重（雪山附近的样子）|记忆石|立方人|电咩咩|电球咩咩|粉咩咩|蒲公英娃娃|瞌睡王|巨噬针鼹|小星光（星光能量的样子）|星光狮（星光能量的样子）|花魁蜂后|叮叮恶魔|魔眷鸟|罗隐|恶魔狼|咔咔鸟|遁地鼠（储水期的样子）|遁地鼠（枯水期的样子）|翼龙|影狸|獠牙猪|针叶巡林|龙鱼|声波缇塔|窃光蚊|斑枭|展开全部 65 只精灵
闪击折返,电,物理,5,45,造成物伤，2连击，自己脱离。,电咩咩|电球咩咩|粉咩咩|星光狮（月光能量的样子）|奔乐鹿|波普鹿|电动长颈鹿|爵士鹿|酷拉|拉特|裘卡
引雷,电,魔法,3,35,造成魔伤，2连击，迸发：本次技能威力+15。,刺电环|荆棘电环|闪电环|噼啪鸟
远程访问,电,状态,2,0,使敌方精灵返场。,电咩咩|电球咩咩|粉咩咩|小星光（星光能量的样子）|星光狮（星光能量的样子）|白金独角兽|闪电鳗鱼|奔乐鹿|波普鹿|电动长颈鹿|爵士鹿|粉粉星|小皮球
增程电池,电,状态,2,0,自己获得1层蓄电印记。,小星光（月光能量的样子）|星光狮（月光能量的样子）|奔乐鹿|波普鹿|电动长颈鹿|爵士鹿|刺电环|荆棘电环|闪电环|酷拉|拉特|噼啪鸟|电企鹅|小电企鹅
不可接触,毒,状态,1,0,减伤50%，敌方每有1层中毒效果，本技能减伤+10%，应对攻击。,幻影灵菇|晶石蜗（火山琉璃的样子）|伊贝粉粉|多多|多啦多|古啦多|刺轮砣（上弦的样子）|刺轮砣（下弦的样子）|月亮砣（上弦的样子）|月亮砣（下弦的样子）|翡翠水母|琉璃水母
毒孢子,毒,状态,3,0,敌方获得5层中毒。,权|权杖-Ⅴ|魔力猫|鸭吉吉（紧实的样子）|鸭吉吉（蓬松的样子）|红绒十字|幽冥眼（闭眼的样子）|幽冥眼（睁眼的样子）|嘟嘟煲|嘟嘟锅|化蝶（喵喵的样子）|化蝶（平常的样子）|化蝶（奇丽花的样子）|化蝶（幽冥眼的样子）|幽影树|立方人|蹦蹦草（彩玉球形态）|蹦蹦草（短毛球形态）|蹦蹦草（海神球形态）|蹦蹦草（象牙球形态）|蹦蹦果（彩玉球形态）|蹦蹦果（短毛球形态）|蹦蹦果（海神球形态）|蹦蹦果（象牙球形态）|蹦蹦花（彩玉球形态）|蹦蹦花（短毛球形态）|蹦蹦花（海神球形态）|蹦蹦花（象牙球形态）|蹦蹦种子（彩玉球形态）|蹦蹦种子（短毛球形态）|蹦蹦种子（海神球形态）|蹦蹦种子（象牙球形态）|花衣蝶|梦悠悠（穿旧睡衣的样子）|魔草巫灵|兽花蕾|朔夜伊芙|展开全部 80 只精灵
毒囊,毒,物理,2,20,造成物伤，敌方获得2层中毒，应对状态：改为获得6层。,尖角蜘蛛|芋香巨角蛛|圆眼蜘蛛|遁地鼠（储水期的样子）|遁地鼠（枯水期的样子）|忽幽狸|影狸|多多|多啦多|古啦多|声波缇塔|古钟蛇|古钟蛇（本命年的样子）|寒音蛇|寒音蛇（本命年的样子）|裘卡|裘力|裘洛|厉毒小萝|厉毒修萝
毒泡泡,毒,魔法,0,40,对敌方精灵造成魔法伤害。,尖角蜘蛛|芋香巨角蛛|圆眼蜘蛛|嘟嘟煲|嘟嘟锅|刺轮砣（上弦的样子）|刺轮砣（下弦的样子）|月亮砣（上弦的样子）|月亮砣（下弦的样子）|裘卡|裘力|裘洛
毒雾,毒,状态,7,0,将敌方所有增益，转化成中毒。,刺盔虫（本来的样子）|刺盔虫（磨损的样子）|海盔虫（本来的样子）|海盔虫（磨损的样子）|千棘海针（本来的样子）|千棘海针（磨损的样子）|千棘盔（本来的样子）|千棘盔（磨损的样子）|嘟嘟煲|嘟嘟锅|蹦蹦花（彩玉球形态）|蹦蹦花（短毛球形态）|蹦蹦花（海神球形态）|蹦蹦花（象牙球形态）|月亮砣（上弦的样子）|月亮砣（下弦的样子）|九幽菇|厉毒小萝|厉毒修萝
毒液渗透,毒,魔法,5,120,造成魔伤，敌方每有1层中毒效果，本技能能耗-1，敌方获得1层中毒。,尖角蜘蛛|芋香巨角蛛|圆眼蜘蛛|刺盔虫（本来的样子）|刺盔虫（磨损的样子）|海盔虫（本来的样子）|海盔虫（磨损的样子）|千棘海针（本来的样子）|千棘海针（磨损的样子）|千棘盔（本来的样子）|千棘盔（磨损的样子）|嘟嘟煲|嘟嘟锅|蹦蹦草（彩玉球形态）|蹦蹦草（短毛球形态）|蹦蹦草（海神球形态）|蹦蹦草（象牙球形态）|蹦蹦果（彩玉球形态）|蹦蹦果（短毛球形态）|蹦蹦果（海神球形态）|蹦蹦果（象牙球形态）|蹦蹦花（彩玉球形态）|蹦蹦花（短毛球形态）|蹦蹦花（海神球形态）|蹦蹦花（象牙球形态）|蹦蹦种子（彩玉球形态）|蹦蹦种子（短毛球形态）|蹦蹦种子（海神球形态）|蹦蹦种子（象牙球形态）|忽幽狸|影狸|刺轮砣（上弦的样子）|刺轮砣（下弦的样子）|月亮砣（上弦的样子）|月亮砣（下弦的样子）|翡翠水母|展开全部 44 只精灵
毒沼,毒,物理,2,80,对敌方精灵造成物理伤害。,魔力猫|水灵|水泡壳（本来的样子）|水泡壳（蜕皮时的样子）|岚鸟（本来的样子）|岚鸟（春天的样子）|岚鸟（秋天的样子）|岚鸟（夏天的样子）|芋香巨角蛛|卡瓦重（草地附近的样子）|卡瓦重（沙地附近的样子）|卡瓦重（雪山附近的样子）|千棘盔（本来的样子）|千棘盔（磨损的样子）|利灯鱼|嘟嘟锅|记忆石|蹦蹦草（彩玉球形态）|蹦蹦草（短毛球形态）|蹦蹦草（海神球形态）|蹦蹦草（象牙球形态）|蹦蹦果（彩玉球形态）|蹦蹦果（短毛球形态）|蹦蹦果（海神球形态）|蹦蹦果（象牙球形态）|蹦蹦花（彩玉球形态）|蹦蹦花（短毛球形态）|蹦蹦花（海神球形态）|蹦蹦花（象牙球形态）|蹦蹦种子（彩玉球形态）|蹦蹦种子（短毛球形态）|蹦蹦种子（海神球形态）|蹦蹦种子（象牙球形态）|蒲公英娃娃|瞌睡王|巨噬针鼹|展开全部 103 只精灵
毒针,毒,物理,0,20,造成物伤，敌方获得1层中毒效果。,尖角蜘蛛|芋香巨角蛛|圆眼蜘蛛|忽幽狸|影狸|刺轮砣（上弦的样子）|刺轮砣（下弦的样子）|月亮砣（上弦的样子）|月亮砣（下弦的样子）|厉毒小萝|厉毒修萝|恶魔红钻
腐化,毒,状态,1,0,敌方每有1层中毒效果，敌方获得双攻-30%。,魔力猫|刺盔虫（本来的样子）|刺盔虫（磨损的样子）|海盔虫（本来的样子）|海盔虫（磨损的样子）|千棘海针（本来的样子）|千棘海针（磨损的样子）|千棘盔（本来的样子）|千棘盔（磨损的样子）|蹦蹦草（彩玉球形态）|蹦蹦草（短毛球形态）|蹦蹦草（海神球形态）|蹦蹦草（象牙球形态）|蹦蹦果（彩玉球形态）|蹦蹦果（短毛球形态）|蹦蹦果（海神球形态）|蹦蹦果（象牙球形态）|蹦蹦花（彩玉球形态）|蹦蹦花（短毛球形态）|蹦蹦花（海神球形态）|蹦蹦花（象牙球形态）|蹦蹦种子（彩玉球形态）|蹦蹦种子（短毛球形态）|蹦蹦种子（海神球形态）|蹦蹦种子（象牙球形态）|石冠王蜥（本来的样子）|石冠王蜥（球球尾巴的样子）|花魁蜂后|声波缇塔|裘卡|裘力|裘洛|厉毒小萝|厉毒修萝
感染病,毒,魔法,4,85,造成魔伤，若击败敌方则将中毒转化为印记。,芋香巨角蛛|刺盔虫（本来的样子）|刺盔虫（磨损的样子）|海盔虫（本来的样子）|海盔虫（磨损的样子）|千棘海针（本来的样子）|千棘海针（磨损的样子）|千棘盔（本来的样子）|千棘盔（磨损的样子）|蒲公英娃娃|影狸|古啦多|裘卡|裘力|裘洛|厉毒小萝|厉毒修萝
剧毒,毒,状态,2,0,敌方获得3层中毒，应对防御：改为获得8层。,魔力猫|千棘盔（本来的样子）|千棘盔（磨损的样子）|嘟嘟煲|嘟嘟锅|蹦蹦草（彩玉球形态）|蹦蹦草（短毛球形态）|蹦蹦草（海神球形态）|蹦蹦草（象牙球形态）|蹦蹦果（彩玉球形态）|蹦蹦果（短毛球形态）|蹦蹦果（海神球形态）|蹦蹦果（象牙球形态）|蹦蹦花（彩玉球形态）|蹦蹦花（短毛球形态）|蹦蹦花（海神球形态）|蹦蹦花（象牙球形态）|蹦蹦种子（彩玉球形态）|蹦蹦种子（短毛球形态）|蹦蹦种子（海神球形态）|蹦蹦种子（象牙球形态）|忽幽狸|影狸|刺轮砣（上弦的样子）|刺轮砣（下弦的样子）|月亮砣（上弦的样子）|月亮砣（下弦的样子）|九幽菇|古钟蛇|古钟蛇（本命年的样子）|寒音蛇|寒音蛇（本命年的样子）|裘卡|裘力|裘洛
溃烂触碰,毒,物理,1,60,对敌方精灵造成物理伤害。,迪莫|魔力猫|火神|幻影灵菇|晶石蜗（火山琉璃的样子）|晶石蜗（蓝锥矿的样子）|晶石蜗（莲花刚玉的样子）|晶石蜗（烧蓝黄金的样子）|晶石蜗（西瓜碧玺的样子）|晶石蜗（星彩榴石的样子）|卷胡巨獭|音速犬|蹦床松鼠|蹦蹦花（彩玉球形态）|蹦蹦花（短毛球形态）|蹦蹦花（海神球形态）|蹦蹦花（象牙球形态）|电球咩咩|蒲公英娃娃|伊贝粉粉|星光狮（星光能量的样子）|星光狮（月光能量的样子）|石冠王蜥（本来的样子）|石冠王蜥（球球尾巴的样子）|翠顶夫人|黑羽夫人|布克棱岩|遁地鼠（储水期的样子）|遁地鼠（枯水期的样子）|多多|多啦多|古啦多|雪巨人|针叶巡林|炽心勇狮|月亮砣（上弦的样子）|展开全部 73 只精灵
连续毒针,毒,物理,2,15,造成物伤，2连击，每次连击使敌方获得1层中毒。,幻影灵菇|伊贝粉粉|花魁蜂后|叮叮恶魔|遁地鼠（储水期的样子）|遁地鼠（枯水期的样子）|忽幽狸|影狸|九幽菇|声波缇塔|窃光蚊|古钟蛇|古钟蛇（本命年的样子）|寒音蛇|寒音蛇（本命年的样子）|裘卡|裘力|裘洛|厉毒小萝|厉毒修萝
落井下毒,毒,状态,6,0,使敌方精灵减益的层数翻倍。,尖角蜘蛛|芋香巨角蛛|圆眼蜘蛛|嘟嘟煲|嘟嘟锅|蹦蹦草（彩玉球形态）|蹦蹦草（短毛球形态）|蹦蹦草（海神球形态）|蹦蹦草（象牙球形态）|蹦蹦果（彩玉球形态）|蹦蹦果（短毛球形态）|蹦蹦果（海神球形态）|蹦蹦果（象牙球形态）|蹦蹦花（彩玉球形态）|蹦蹦花（短毛球形态）|蹦蹦花（海神球形态）|蹦蹦花（象牙球形态）|蹦蹦种子（彩玉球形态）|蹦蹦种子（短毛球形态）|蹦蹦种子（海神球形态）|蹦蹦种子（象牙球形态）|多多|多啦多|古啦多
溶解液,未知,—,—,—,当前还没有补到明确效果描述。,当前还没有整理到可学习精灵数据。
以毒攻毒,毒,状态,1,0,敌方每有1层中毒效果，自己获得魔攻+30%。,尖角蜘蛛|芋香巨角蛛|圆眼蜘蛛|嘟嘟煲|嘟嘟锅|多多|多啦多|古啦多|翡翠水母|琉璃水母|古钟蛇|古钟蛇（本命年的样子）|寒音蛇|寒音蛇（本命年的样子）|裘卡|裘力|裘洛
疫病吐息,毒,状态,3,0,敌方获得1层中毒印记。,刺盔虫（本来的样子）|刺盔虫（磨损的样子）|海盔虫（本来的样子）|海盔虫（磨损的样子）|千棘海针（本来的样子）|千棘海针（磨损的样子）|千棘盔（本来的样子）|千棘盔（磨损的样子）|嘟嘟煲|嘟嘟锅|忽幽狸|影狸|刺轮砣（上弦的样子）|刺轮砣（下弦的样子）|月亮砣（上弦的样子）|月亮砣（下弦的样子）|翡翠水母|琉璃水母|裘卡|裘力|裘洛
瘴气喷射,毒,魔法,3,100,对敌方精灵造成魔法伤害。,魔力猫|嘟嘟煲|嘟嘟锅|蒲公英娃娃|石冠王蜥（本来的样子）|石冠王蜥（球球尾巴的样子）|花魁蜂后|翡翠水母|琉璃水母|寒音蛇|格兰球|裘卡|裘力|裘洛
鸩毒,毒,魔法,3,70,造成魔伤，敌方每有1层中毒效果，本次技能威力+10，应对状态：改为本次威力+20。,花魁蜂后|影狸|多多|多啦多|古啦多|翡翠水母|琉璃水母|寒音蛇|格兰球
翅刃,虫,物理,4,90,造成物伤，驱散敌方所有印记，应对状态：改为偷取印记。,花魁蜂后|黄蜂后|女王蜂|一窝蜂|风滚暮虫（金黄的样子）|风滚暮虫（枯叶的样子）|铠甲虫|小甲虫|捕尘长绒|毛头小蛛|食尘短绒
虫刺,虫,魔法,1,15,造成魔伤，3连击。,芋香巨角蛛|化蝶（喵喵的样子）|化蝶（平常的样子）|化蝶（奇丽花的样子）|化蝶（幽冥眼的样子）|毛毛|爬爬|落星虫|星尘虫|陨星虫
虫蛊,虫,魔法,3,100,对敌方精灵造成魔法伤害。,化蝶（喵喵的样子）|化蝶（平常的样子）|化蝶（奇丽花的样子）|化蝶（幽冥眼的样子）|毛毛|爬爬|彩蝶鲨|风滚暮虫（金黄的样子）|风滚暮虫（枯叶的样子）|蓬叶虫（金黄的样子）|蓬叶虫（枯叶的样子）|旋叶虫（金黄的样子）|旋叶虫（枯叶的样子）|落星虫|星尘虫|陨星虫|流浪鼠
虫击,虫,物理,3,90,造成物伤，应对状态：本次技能威力变为2倍，无视敌方系别抵抗。,尖角蜘蛛|芋香巨角蛛|圆眼蜘蛛|卡瓦重（草地附近的样子）|卡瓦重（沙地附近的样子）|卡瓦重（雪山附近的样子）|巨噬针鼹|花魁蜂后|窃光蚊|落星虫|星尘虫|陨星虫|矮脚爬爬|恶魔红钻
虫茧,虫,状态,1,0,自己回复20%生命，获得1次奉献：获得10%吸血。,尖角蜘蛛|芋香巨角蛛|圆眼蜘蛛|化蝶（喵喵的样子）|化蝶（平常的样子）|化蝶（奇丽花的样子）|化蝶（幽冥眼的样子）|毛毛|爬爬|草衣虫|花衣蝶|小草虫|花魁蜂后|黄蜂后|女王蜂|一窝蜂|铠甲虫|小甲虫|矮脚爬爬|恶魔红钻
虫结阵,虫,状态,2,0,减伤60%，应对攻击：获得1次随机奉献。,草衣虫|花衣蝶|小草虫|铠甲虫|小甲虫|耳翎瑰魅|瑰眼仔|邪眼巨魔|捕尘长绒|毛头小蛛|食尘短绒|落星虫|星尘虫|陨星虫|绒仙子|卡洛儿|流浪鼠
虫鸣,虫,魔法,2,15,造成魔伤，队伍中每有1只带有本技能的精灵，本次技能连击数+1。,芋香巨角蛛|花衣蝶|巨噬针鼹|花魁蜂后|黄蜂后|女王蜂|一窝蜂|风滚暮虫（金黄的样子）|风滚暮虫（枯叶的样子）|蓬叶虫（金黄的样子）|蓬叶虫（枯叶的样子）|旋叶虫（金黄的样子）|旋叶虫（枯叶的样子）|海枝枝（翠绿纶布）|窃光蚊|酷拉|耳翎瑰魅|瑰眼仔|邪眼巨魔|捕尘长绒|毛头小蛛|食尘短绒|绒绒|绒仙子|小绒茧|卡洛儿
虫群,虫,物理,7,20,造成物伤，1连击，本技能会受奉献影响。,花衣蝶|花魁蜂后|黄蜂后|女王蜂|一窝蜂|落星虫|星尘虫|陨星虫
虫群过境,虫,物理,5,45,造成物伤，2连击。获得1次奉献：获得连击数+1。,芋香巨角蛛|花魁蜂后|黄蜂后|女王蜂|一窝蜂|窃光蚊|铠甲虫|小甲虫|捕尘长绒|毛头小蛛|食尘短绒|陨星虫
虫群智慧,虫,状态,3,0,随机获得2次奉献。,卡瓦重（草地附近的样子）|卡瓦重（沙地附近的样子）|卡瓦重（雪山附近的样子）|草衣虫|花衣蝶|小草虫|绒绒|绒仙子|小绒茧
虫网,虫,魔法,0,30,造成魔伤，自己回复1能量。,尖角蜘蛛|芋香巨角蛛|圆眼蜘蛛|花魁蜂后|黄蜂后|女王蜂|一窝蜂|风滚暮虫（金黄的样子）|风滚暮虫（枯叶的样子）|蓬叶虫（金黄的样子）|蓬叶虫（枯叶的样子）|旋叶虫（金黄的样子）|旋叶虫（枯叶的样子）|酷拉|耳翎瑰魅|瑰眼仔|邪眼巨魔|绒绒|绒仙子|小绒茧|流浪鼠
飞断,虫,物理,1,20,造成物伤，获得1次奉献：威力+20。,草衣虫|花衣蝶|小草虫|巨噬针鼹|遁地鼠（储水期的样子）|遁地鼠（枯水期的样子）|风滚暮虫（金黄的样子）|风滚暮虫（枯叶的样子）|铠甲虫|小甲虫|耳翎瑰魅|瑰眼仔|邪眼巨魔|落星虫|星尘虫|陨星虫|绒仙子|矮脚爬爬|恶魔红钻
假寐,虫,状态,2,0,自己回复2能量，获得1次奉献：能耗-2。,权|权杖-Ⅴ|魔力猫|火神|鸭吉吉（紧实的样子）|鸭吉吉（蓬松的样子）|红绒十字|幽冥眼（闭眼的样子）|幽冥眼（睁眼的样子）|千棘盔（本来的样子）|千棘盔（磨损的样子）|嘟嘟锅|幽影树|立方人|蹦蹦花（彩玉球形态）|蹦蹦花（短毛球形态）|蹦蹦花（海神球形态）|蹦蹦花（象牙球形态）|草衣虫|花衣蝶|小草虫|梦悠悠（穿旧睡衣的样子）|魔草巫灵|兽花蕾|朔夜伊芙|奇丽花|锤头鹳|花影羚羊|仪式巨像|风滚暮虫（金黄的样子）|风滚暮虫（枯叶的样子）|蓬叶虫（金黄的样子）|蓬叶虫（枯叶的样子）|旋叶虫（金黄的样子）|旋叶虫（枯叶的样子）|雪灵|尖嘴狐仙|展开全部 64 只精灵
啃咬,虫,物理,0,40,造成物伤，1连击，本技能会受奉献影响，每被影响1次，能耗永久+1。,尖角蜘蛛|芋香巨角蛛|圆眼蜘蛛|草衣虫|花衣蝶|小草虫|铠甲虫|小甲虫|耳翎瑰魅|瑰眼仔|邪眼巨魔|落星虫|星尘虫|陨星虫|绒绒|绒仙子|小绒茧
捆缚,虫,状态,2,0,敌方获得2层中毒，获得1次奉献：敌方获得2层中毒。,化蝶（喵喵的样子）|化蝶（平常的样子）|化蝶（奇丽花的样子）|化蝶（幽冥眼的样子）|毛毛|爬爬|花衣蝶|花魁蜂后|黄蜂后|女王蜂|一窝蜂|绒绒|绒仙子|小绒茧
食腐,虫,状态,2,0,驱散敌方印记，每层印记回复自己10%生命。,化蝶（喵喵的样子）|化蝶（平常的样子）|化蝶（奇丽花的样子）|化蝶（幽冥眼的样子）|毛毛|爬爬|花衣蝶|巨噬针鼹|铠甲虫|小甲虫|捕尘长绒|毛头小蛛|食尘短绒|落星虫|星尘虫|陨星虫|流浪鼠
噬心,虫,物理,1,60,对敌方精灵造成物理伤害。,迪莫|岚鸟（本来的样子）|岚鸟（春天的样子）|岚鸟（秋天的样子）|岚鸟（夏天的样子）|音速犬|卡瓦重（草地附近的样子）|卡瓦重（沙地附近的样子）|卡瓦重（雪山附近的样子）|化蝶（喵喵的样子）|化蝶（平常的样子）|化蝶（奇丽花的样子）|化蝶（幽冥眼的样子）|毛毛|爬爬|记忆石|蒲公英娃娃|瞌睡王|巨噬针鼹|星光狮（星光能量的样子）|星光狮（月光能量的样子）|叮叮恶魔|魔眷鸟|罗隐|恶魔狼|咔咔鸟|遁地鼠（储水期的样子）|遁地鼠（枯水期的样子）|翼龙|影狸|獠牙猪|针叶巡林|龙鱼|声波缇塔|爵士鹿|荆棘电环|展开全部 69 只精灵
网缚,虫,物理,2,60,造成物伤，敌方获得物防-30%。,草衣虫|花衣蝶|小草虫|铠甲虫|小甲虫|耳翎瑰魅|瑰眼仔|邪眼巨魔|捕尘长绒|毛头小蛛|食尘短绒|落星虫|星尘虫|陨星虫|卡洛儿|矮脚爬爬|恶魔红钻
尾后针,虫,物理,2,80,对敌方精灵造成物理伤害。,芋香巨角蛛|晶石蜗（火山琉璃的样子）|晶石蜗（蓝锥矿的样子）|晶石蜗（莲花刚玉的样子）|晶石蜗（烧蓝黄金的样子）|晶石蜗（西瓜碧玺的样子）|晶石蜗（星彩榴石的样子）|卡瓦重（草地附近的样子）|卡瓦重（沙地附近的样子）|卡瓦重（雪山附近的样子）|利灯鱼|化蝶（喵喵的样子）|化蝶（平常的样子）|化蝶（奇丽花的样子）|化蝶（幽冥眼的样子）|花衣蝶|瞌睡王|巨噬针鼹|花魁蜂后|彩蝶鲨|白金独角兽|风滚暮虫（金黄的样子）|风滚暮虫（枯叶的样子）|菊花梨|古啦多|圣代甜甜（蓝莓草莓口味）|圣代甜甜（蓝莓抹茶口味）|圣代甜甜（蓝莓巧克力口味）|圣代甜甜（杨桃草莓口味）|圣代甜甜（杨桃抹茶口味）|圣代甜甜（杨桃巧克力口味）|圣代甜甜（樱桃草莓口味）|圣代甜甜（樱桃抹茶口味）|圣代甜甜（樱桃巧克力口味）|海枝枝（碧蓝珊瑚）|海枝枝（翠绿纶布）|展开全部 53 只精灵
掩护,虫,状态,2,0,减伤70%，紧急脱离，应对攻击：下个入场精灵获得减伤。,水灵|水泡壳（本来的样子）|水泡壳（蜕皮时的样子）|幻影灵菇|卷胡巨獭|蹦床松鼠|化蝶（喵喵的样子）|化蝶（平常的样子）|化蝶（奇丽花的样子）|化蝶（幽冥眼的样子）|毛毛|爬爬|电球咩咩|伊贝粉粉|石冠王蜥（本来的样子）|石冠王蜥（球球尾巴的样子）|翠顶夫人|黑羽夫人|布克棱岩|怖哭菇|雪巨人|炽心勇狮|闪电鳗鱼|琉璃水母|海豹船长|抹茶布丁|熔岩布丁|椰浆布丁|深蓝鲸|嗜波螺|棋齐垒（白子）|棋齐垒（黑子）|鳗尾兽|波多西|铠甲虫|小甲虫|展开全部 46 只精灵
蛰针,虫,物理,0,40,对敌方精灵造成物理伤害。,尖角蜘蛛|芋香巨角蛛|圆眼蜘蛛|化蝶（喵喵的样子）|化蝶（平常的样子）|化蝶（奇丽花的样子）|化蝶（幽冥眼的样子）|毛毛|爬爬|铠甲虫|小甲虫|恶魔红钻
贮藏,虫,状态,2,0,自己获得双攻+50%，每携带1个0能耗技能，额外+50%。,尖角蜘蛛|芋香巨角蛛|圆眼蜘蛛|彩蝶鲨|捕尘长绒|毛头小蛛|食尘短绒|绒仙子
爆冲,武,物理,3,50,造成物伤，应对状态：本次技能威力变为5倍。,瞌睡王|翼龙|草头鸭|卷毛鸭|绅士鸡|武者鸡|画间沉铁兽
崩拳,武,物理,2,60,造成物伤，应对状态：自己获得物攻+100%。,草头鸭|卷毛鸭|酷拉|乌拉塔（极夜的样子）|乌拉塔（极昼的样子）|裘卡|古卷匣魔像|疾光千兽
缠丝劲,武,物理,1,25,造成物伤，2连击。,迪莫|鸭吉吉（蓬松的样子）|岚鸟（本来的样子）|岚鸟（春天的样子）|岚鸟（秋天的样子）|岚鸟（夏天的样子）|芋香巨角蛛|音速犬|卡瓦重（草地附近的样子）|卡瓦重（沙地附近的样子）|卡瓦重（雪山附近的样子）|记忆石|蒲公英娃娃|巨噬针鼹|花魁蜂后|朔夜伊芙|叮叮恶魔|魔眷鸟|罗隐|恶魔狼|咔咔鸟|遁地鼠（储水期的样子）|遁地鼠（枯水期的样子）|影狸|獠牙猪|松叶羊|松仔|针叶巡林|龙鱼|声波缇塔|爵士鹿|荆棘电环|窃光蚊|斑枭|皇家狮鹫（高山地的样子）|皇家狮鹫（崖间地的样子）|展开全部 82 只精灵
寸拳,武,物理,0,30,造成物伤，自己回复1能量。,蹦床松鼠|白发懒人|动力猿|瞌睡王|棋齐垒（白子）|棋齐垒（黑子）|棋祈督（白子）|棋祈督（黑子）|棋骑士（白子）|棋骑士（黑子）|棋棋（白子）|棋棋（黑子）|棋绮后（白子）|棋绮后（黑子）|棋契陛下（棋齐垒-白子）|棋契陛下（棋齐垒-黑子）|棋契陛下（棋祈督-白子）|棋契陛下（棋祈督-黑子）|棋契陛下（棋骑士-白子）|棋契陛下（棋骑士-黑子）|棋契陛下（棋绮后-白子）|棋契陛下（棋绮后-黑子）|格斗小六|格斗小八|学院呱呱|烈火守护|恶魔红钻
叠势,武,魔法,3,25,造成魔伤，2连击，每成功应对1次，本技能连击数永久+2。,水泡壳（本来的样子）|水泡壳（蜕皮时的样子）|朔夜伊芙|炽心勇狮|炽焰狮|小勇狮|水滴蛇|水蛇锁|游蛇魔使|海豹船长|深蓝鲸|梦想三三|棋祈督（白子）|棋祈督（黑子）|棋绮后（白子）|棋绮后（黑子）|画间法师手|古卷匣魔像|古卷执政官|春花兔|怒目怂猫|小怂猫
反击拳,武,物理,2,25,造成物伤，2连击，若后手攻击，改为3连击。,水灵|鸭吉吉（紧实的样子）|鸭吉吉（蓬松的样子）|幻影灵菇|晶石蜗（火山琉璃的样子）|晶石蜗（蓝锥矿的样子）|晶石蜗（莲花刚玉的样子）|晶石蜗（烧蓝黄金的样子）|晶石蜗（西瓜碧玺的样子）|晶石蜗（星彩榴石的样子）|卷胡巨獭|蹦蹦花（彩玉球形态）|蹦蹦花（短毛球形态）|蹦蹦花（海神球形态）|蹦蹦花（象牙球形态）|电球咩咩|伊贝粉粉|巨噬针鼹|石冠王蜥（本来的样子）|石冠王蜥（球球尾巴的样子）|翠顶夫人|黑羽夫人|布克棱岩|罗隐|影狸|古啦多|怖哭菇|闪电鳗鱼|琉璃水母|海豹船长|高脚鹬|抹茶布丁|熔岩布丁|椰浆布丁|公平鸽|斑枭|展开全部 61 只精灵
防御反击,武,状态,3,0,减伤80%，应对攻击：获得全技能威力+40。,水泡壳（本来的样子）|水泡壳（蜕皮时的样子）|雪巨人|炽心勇狮|海豹船长|海豹战士|深蓝鲸|梦想三三|棋齐垒（白子）|棋齐垒（黑子）|棋祈督（白子）|棋祈督（黑子）|棋绮后（白子）|棋绮后（黑子）|古卷匣魔像|古卷执政官|格斗小六|格斗小八
贯手,武,魔攻,2,80,对敌方精灵造成魔法伤害。,水泡壳（本来的样子）|水泡壳（蜕皮时的样子）|蹦床松鼠|利灯鱼|瞌睡王|星光狮（星光能量的样子）|星光狮（月光能量的样子）|彩蝶鲨|翼龙|白金独角兽|风滚暮虫（金黄的样子）|风滚暮虫（枯叶的样子）|菊花梨|雪巨人|针叶巡林|炽心勇狮|游蛇魔使|海豹船长|圣代甜甜（蓝莓草莓口味）|圣代甜甜（蓝莓抹茶口味）|圣代甜甜（蓝莓巧克力口味）|圣代甜甜（杨桃草莓口味）|圣代甜甜（杨桃抹茶口味）|圣代甜甜（杨桃巧克力口味）|圣代甜甜（樱桃草莓口味）|圣代甜甜（樱桃抹茶口味）|圣代甜甜（樱桃巧克力口味）|海枝枝（碧蓝珊瑚）|海枝枝（翠绿纶布）|海枝枝（杏黄百合）|海枝枝（洋红沙丁）|深蓝鲸|伊兰亚龙|棋齐垒（白子）|棋齐垒（黑子）|棋祈督（白子）|展开全部 52 只精灵
化劲,武,状态,2,0,获得全技能威力+40。,权|权杖-Ⅴ|魔力猫|火神|鸭吉吉（紧实的样子）|鸭吉吉（蓬松的样子）|水泡壳（本来的样子）|水泡壳（蜕皮时的样子）|红绒十字|蹦床松鼠|幽冥眼（闭眼的样子）|幽冥眼（睁眼的样子）|千棘盔（本来的样子）|千棘盔（磨损的样子）|嘟嘟锅|化蝶（喵喵的样子）|化蝶（平常的样子）|化蝶（奇丽花的样子）|化蝶（幽冥眼的样子）|幽影树|立方人|蹦蹦花（彩玉球形态）|蹦蹦花（短毛球形态）|蹦蹦花（海神球形态）|蹦蹦花（象牙球形态）|花衣蝶|白发懒人|动力猿|瞌睡王|梦悠悠（穿旧睡衣的样子）|魔草巫灵|兽花蕾|朔夜伊芙|奇丽花|锤头鹳|花影羚羊|仪式巨像|展开全部 88 只精灵
技巧打击,武,物理,2,25,造成物伤，应对状态：本次技能威力变为10倍。,白发懒人|动力猿|瞌睡王|绅士鸡|怒目怂猫|小怂猫
截拳,武,物理,3,85,造成物伤，应对状态：额外造成打断，回复该技能能耗的能量。,针叶巡林|棋骑士（白子）|棋骑士（黑子）|棋棋（白子）|棋棋（黑子）|棋契陛下（棋骑士-白子）|棋契陛下（棋骑士-黑子）|可立鸡|绅士鸡|武者鸡|晕晕鸡|画间沉铁兽|怒目怂猫|小怂猫
破防,武,状态,3,0,敌方获得双防-130%，应对防御：额外使被应对技能冷却2回合。,水滴蛇|水蛇锁|游蛇魔使|高脚鹬|梦想三三|格斗小六
破绽,武,状态,1,0,敌方获得双防-50%，应对防御：自己额外获得物攻+50%。,鸭吉吉（紧实的样子）|鸭吉吉（蓬松的样子）|星光狮（月光能量的样子）|朔夜伊芙|影狸|公平鸽|棋祈督（白子）|棋祈督（黑子）|棋骑士（白子）|棋骑士（黑子）|棋棋（白子）|棋棋（黑子）|棋绮后（白子）|棋绮后（黑子）|棋契陛下（棋祈督-白子）|棋契陛下（棋祈督-黑子）|棋契陛下（棋骑士-白子）|棋契陛下（棋骑士-黑子）|棋契陛下（棋绮后-白子）|棋契陛下（棋绮后-黑子）|酷拉|格斗小六|恶魔红钻
气波,武,魔法,0,40,对敌方精灵造成魔法伤害。,鸭吉吉（紧实的样子）|鸭吉吉（蓬松的样子）|水泡壳（本来的样子）|水泡壳（蜕皮时的样子）|蹦床松鼠|蹦蹦花（彩玉球形态）|蹦蹦花（短毛球形态）|蹦蹦花（海神球形态）|蹦蹦花（象牙球形态）|星光狮（月光能量的样子）|炽心勇狮|炽焰狮|小勇狮|海豹船长|海豹战士|高脚鹬|公平鸽|斑枭|棋齐垒（白子）|棋齐垒（黑子）|棋祈督（白子）|棋祈督（黑子）|棋骑士（白子）|棋骑士（黑子）|棋棋（白子）|棋棋（黑子）|棋绮后（白子）|棋绮后（黑子）|棋契陛下（棋齐垒-白子）|棋契陛下（棋齐垒-黑子）|棋契陛下（棋祈督-白子）|棋契陛下（棋祈督-黑子）|棋契陛下（棋骑士-白子）|棋契陛下（棋骑士-黑子）|棋契陛下（棋绮后-白子）|棋契陛下（棋绮后-黑子）|展开全部 42 只精灵
气沉丹田,武,状态,10,0,自己回复60%生命，获得物攻+130%，每次应对后本技能能耗-3，使用后能耗重置。,白发懒人|动力猿|瞌睡王|公平鸽|梦想三三|棋齐垒（白子）|棋齐垒（黑子）|棋骑士（白子）|棋骑士（黑子）|棋棋（白子）|棋棋（黑子）|棋绮后（白子）|棋绮后（黑子）|棋契陛下（棋齐垒-白子）|棋契陛下（棋齐垒-黑子）|棋契陛下（棋骑士-白子）|棋契陛下（棋骑士-黑子）|画间沉铁兽|格斗小六|格斗小八|春花兔
散手,武,物理,3,30,造成物伤，2连击，应对状态：本技能改为6连击。,松叶羊|松仔|针叶巡林|棋骑士（白子）|棋骑士（黑子）|草头鸭|卷毛鸭|武者鸡
提气,武,状态,4,0,获得全技能威力+40，若敌方本回合替换精灵，额外获得威力+50。,鸭吉吉（紧实的样子）|鸭吉吉（蓬松的样子）|蹦蹦花（彩玉球形态）|蹦蹦花（短毛球形态）|蹦蹦花（海神球形态）|蹦蹦花（象牙球形态）|瞌睡王|星光狮（月光能量的样子）|朔夜伊芙|松叶羊|松仔|针叶巡林|水滴蛇|水蛇锁|游蛇魔使|高脚鹬|公平鸽|皇家狮鹫（高山地的样子）|皇家狮鹫（崖间地的样子）|梦想三三|棋齐垒（黑子）|棋祈督（白子）|棋祈督（黑子）|棋骑士（白子）|棋骑士（黑子）|棋棋（白子）|棋棋（黑子）|棋绮后（白子）|棋绮后（黑子）|棋契陛下（棋祈督-白子）|棋契陛下（棋祈督-黑子）|棋契陛下（棋骑士-白子）|棋契陛下（棋骑士-黑子）|棋契陛下（棋绮后-白子）|棋契陛下（棋绮后-黑子）|酷拉|展开全部 47 只精灵
听桥,武,状态,4,0,减伤60%，应对攻击：对敌方造成伤害，威力与被应对技能相等。,炽心勇狮|炽焰狮|小勇狮|水滴蛇|水蛇锁|游蛇魔使|海豹船长|海豹战士|棋齐垒（白子）|棋齐垒（黑子）|棋祈督（白子）|棋祈督（黑子）|棋绮后（白子）|棋绮后（黑子）|古卷匣魔像|格斗小八
无影脚,武,物理,3,75,造成物伤，应对状态：本次技能威力变为2倍。,针叶巡林|卷毛鸭|绅士鸡|疾光千兽|怒目怂猫|小怂猫
一拳,武,物理,5,140,对敌方精灵造成物理伤害。,瞌睡王|雪巨人|游蛇魔使|海豹船长|海豹战士|棋齐垒（白子）|棋齐垒（黑子）|棋绮后（白子）|棋绮后（黑子）|棋契陛下（棋齐垒-白子）|棋契陛下（棋齐垒-黑子）|草头鸭|卷毛鸭|可立鸡|绅士鸡|晕晕鸡|格斗小八|怒目怂猫|小怂猫
影袭,武,物理,3,100,对敌方精灵造成物理伤害。,蹦床松鼠|星光狮（月光能量的样子）|翼龙|松叶羊|松仔|针叶巡林|水滴蛇|水蛇锁|游蛇魔使|公平鸽|梦想三三|棋齐垒（白子）|棋齐垒（黑子）|棋祈督（白子）|棋祈督（黑子）|棋骑士（白子）|棋骑士（黑子）|棋棋（白子）|棋棋（黑子）|棋绮后（白子）|棋绮后（黑子）|棋契陛下（棋齐垒-白子）|棋契陛下（棋齐垒-黑子）|棋契陛下（棋祈督-白子）|棋契陛下（棋祈督-黑子）|棋契陛下（棋骑士-白子）|棋契陛下（棋骑士-黑子）|棋契陛下（棋绮后-白子）|棋契陛下（棋绮后-黑子）|酷拉|画间沉铁兽|古卷匣魔像|格斗小六|格斗小八
硬门,武,状态,2,0,应对攻击：打断被应对技能，并造成75威力物伤。,水泡壳（本来的样子）|水泡壳（蜕皮时的样子）|晶石蜗（烧蓝黄金的样子）|蹦床松鼠|海豹船长|棋齐垒（白子）|棋齐垒（黑子）|棋契陛下（棋齐垒-白子）|棋契陛下（棋齐垒-黑子）|格斗小八
预备势,武,状态,1,0,自己获得物攻+80%，应对防御：额外使敌方获得物防-80%。,蹦蹦花（彩玉球形态）|蹦蹦花（短毛球形态）|蹦蹦花（海神球形态）|蹦蹦花（象牙球形态）|水滴蛇|水蛇锁|游蛇魔使|棋祈督（白子）|棋祈督（黑子）|棋绮后（白子）|棋绮后（黑子）|春花兔
斩断,武,物理,2,70,造成物伤，应对状态：额外打断被应对技能。,白发懒人|动力猿|瞌睡王|炽心勇狮|炽焰狮|小勇狮|海豹船长|海豹战士|棋齐垒（白子）|棋齐垒（黑子）|棋契陛下（棋齐垒-白子）|棋契陛下（棋齐垒-黑子）|卷毛鸭|古卷匣魔像|古卷执政官|格斗小八|烈火守护|恶魔红钻
暴风眼,翼,状态,2,0,行动时连击数+100%。,咔咔鸟|咔咔雀|咔咔羽毛|噼啪鸟|绅士鸡|武者鸡|里奥|灵羽勇士|圣羽翼王
乘风,翼,状态,2,0,自己获得速度+120。,火神|鸭吉吉（紧实的样子）|鸭吉吉（蓬松的样子）|冬羽雀（本来的样子）|冬羽雀（春天的样子）|冬羽雀（秋天的样子）|冬羽雀（夏天的样子）|岚鸟（本来的样子）|岚鸟（春天的样子）|岚鸟（秋天的样子）|岚鸟（夏天的样子）|霜翼领主（本来的样子）|霜翼领主（春天的样子）|霜翼领主（秋天的样子）|霜翼领主（夏天的样子）|雪绒鸟（本来的样子）|雪绒鸟（春天的样子）|雪绒鸟（秋天的样子）|雪绒鸟（夏天的样子）|花魁蜂后|黄蜂后|女王蜂|一窝蜂|翠顶夫人|黑羽夫人|叮叮恶魔|恶魔叮|锤头鹳|龙鱼|鄙目鹬|高脚鹬|小鹬|斑斑|斑枭|皇家狮鹫（高山地的样子）|皇家狮鹫（崖间地的样子）|展开全部 47 只精灵
风起,翼,状态,4,0,自己获得1层风起印记。,冬羽雀（本来的样子）|冬羽雀（春天的样子）|冬羽雀（秋天的样子）|冬羽雀（夏天的样子）|岚鸟（本来的样子）|岚鸟（春天的样子）|岚鸟（秋天的样子）|岚鸟（夏天的样子）|霜翼领主（本来的样子）|霜翼领主（春天的样子）|霜翼领主（秋天的样子）|霜翼领主（夏天的样子）|雪绒鸟（本来的样子）|雪绒鸟（春天的样子）|雪绒鸟（秋天的样子）|雪绒鸟（夏天的样子）|彩蝶鲨|绿翼鸟|魔眷鸟|魔翼鸟|锤头鹳|里拉鳐|鄙目鹬|高脚鹬|小鹬|斑斑|斑枭|螺旋帕帕|帕帕斯卡|黑猫巫师|绒仙子|疾光千兽|里奥|灵羽勇士|圣羽翼王
风墙,翼,状态,2,0,减伤50%，迅捷，应对攻击。,水泡壳（本来的样子）|水泡壳（蜕皮时的样子）|幻影灵菇|晶石蜗（火山琉璃的样子）|晶石蜗（蓝锥矿的样子）|晶石蜗（莲花刚玉的样子）|晶石蜗（烧蓝黄金的样子）|晶石蜗（西瓜碧玺的样子）|晶石蜗（星彩榴石的样子）|卷胡巨獭|电球咩咩|石冠王蜥（本来的样子）|石冠王蜥（球球尾巴的样子）|翠顶夫人|乖乖鹄|黑羽夫人|蓝珠天鹅|古啦多|闪电鳗鱼|琉璃水母|鄙目鹬|高脚鹬|小鹬|嗜波螺|棋齐垒（白子）|棋齐垒（黑子）|迷迷箱怪|铠甲虫|耳翎瑰魅|瑰眼仔|邪眼巨魔|古卷匣魔像|流浪鼠|月牙雪熊
风矢,翼,物理,2,80,对敌方精灵造成物理伤害。,火神|鸭吉吉（蓬松的样子）|岚鸟（本来的样子）|岚鸟（春天的样子）|岚鸟（秋天的样子）|岚鸟（夏天的样子）|音速犬|卡瓦重（草地附近的样子）|卡瓦重（沙地附近的样子）|卡瓦重（雪山附近的样子）|利灯鱼|记忆石|瞌睡王|巨噬针鼹|花魁蜂后|黄蜂后|女王蜂|一窝蜂|翠顶夫人|乖乖鹄|黑羽夫人|蓝珠天鹅|彩蝶鲨|叮叮恶魔|魔眷鸟|锤头鹳|罗隐|恶魔狼|咔咔鸟|遁地鼠（储水期的样子）|遁地鼠（枯水期的样子）|翼龙|白金独角兽|风滚暮虫（金黄的样子）|风滚暮虫（枯叶的样子）|菊花梨|展开全部 83 只精灵
风隐,翼,状态,1,0,敌方和自己均脱离。先手-1。,翠顶夫人|乖乖鹄|黑羽夫人|蓝珠天鹅|彩蝶鲨|风铃鲨|蓝蝶鲨|神谕鲨|鄙目鹬|高脚鹬|小鹬|铠甲虫|疾光千兽|暮星辰|曜星光|幽星光
俯冲猛击,翼,物理,5,140,对敌方精灵造成物理伤害。,冬羽雀（本来的样子）|冬羽雀（春天的样子）|冬羽雀（秋天的样子）|冬羽雀（夏天的样子）|岚鸟（本来的样子）|岚鸟（春天的样子）|岚鸟（秋天的样子）|岚鸟（夏天的样子）|霜翼领主（本来的样子）|霜翼领主（春天的样子）|霜翼领主（秋天的样子）|霜翼领主（夏天的样子）|雪绒鸟（本来的样子）|雪绒鸟（春天的样子）|雪绒鸟（秋天的样子）|雪绒鸟（夏天的样子）|翠顶夫人|黑羽夫人|小翼龙|翼龙|斑斑|斑枭|螺旋帕帕|帕帕斯卡|铠甲虫|龙息帕尔
回旋风暴,翼,魔法,3,100,对敌方精灵造成魔法伤害。,鸭吉吉（紧实的样子）|鸭吉吉（蓬松的样子）|彩蝶鲨|风铃鲨|蓝蝶鲨|神谕鲨|咔咔鸟|咔咔雀|咔咔羽毛|白金独角兽|斑斑|斑枭|噼啪鸟|里奥|灵羽勇士|圣羽翼王|暮星辰|曜星光|幽星光
疾风刺,翼,物理,2,25,造成物伤，1连击，若先于敌方攻击，本次攻击改为3连击。,岚鸟（本来的样子）|岚鸟（春天的样子）|岚鸟（秋天的样子）|岚鸟（夏天的样子）|蒲公英娃娃|兽花蕾|花魁蜂后|叮叮恶魔|恶魔叮|绿翼鸟|魔眷鸟|魔翼鸟|锤头鹳|咔咔鸟|咔咔雀|咔咔羽毛|小翼龙|翼龙|斑斑|斑枭|皇家狮鹫（高山地的样子）|皇家狮鹫（崖间地的样子）|神圣狮鹫（高山地的样子）|神圣狮鹫（崖间地的样子）|小狮鹫（高山地的样子）|小狮鹫（崖间地的样子）|卷毛鸭|噼啪鸟|螺旋帕帕|帕帕斯卡|厉毒修萝|泥吼牙|吸泥鸥|里奥|灵羽勇士|圣羽翼王
疾风连袭,翼,状态,0,0,释放自己释放过的迅捷技能，其能耗之和的二分之一加至本技能能耗，每次使用后能耗+1。,里奥|灵羽勇士|圣羽翼王
龙卷风,翼,物理,5,60,造成物伤，迅捷，应对状态：本次技能威力变为1.5倍。,火神|冬羽雀（本来的样子）|冬羽雀（春天的样子）|冬羽雀（秋天的样子）|冬羽雀（夏天的样子）|岚鸟（本来的样子）|岚鸟（春天的样子）|岚鸟（秋天的样子）|岚鸟（夏天的样子）|霜翼领主（本来的样子）|霜翼领主（春天的样子）|霜翼领主（秋天的样子）|霜翼领主（夏天的样子）|雪绒鸟（本来的样子）|雪绒鸟（春天的样子）|雪绒鸟（秋天的样子）|雪绒鸟（夏天的样子）|蒲公英娃娃|花魁蜂后|黄蜂后|女王蜂|一窝蜂|翠顶夫人|乖乖鹄|黑羽夫人|蓝珠天鹅|叮叮恶魔|恶魔叮|绿翼鸟|魔眷鸟|魔翼鸟|咔咔鸟|白金独角兽|龙鱼|斑斑|斑枭|展开全部 48 只精灵
鸣叫,翼,魔法,0,40,对敌方精灵造成魔法伤害。,化蝶（喵喵的样子）|化蝶（平常的样子）|化蝶（奇丽花的样子）|化蝶（幽冥眼的样子）|花魁蜂后|黄蜂后|女王蜂|一窝蜂|翠顶夫人|乖乖鹄|黑羽夫人|蓝珠天鹅|锤头鹳|鄙目鹬|高脚鹬|小鹬|斑斑|斑枭|多灵|多灵主|绒仙子|暮星辰|曜星光|幽星光
闪击,翼,物理,4,60,造成物伤，速度比敌方越高，本次技能威力越高。,冬羽雀（本来的样子）|冬羽雀（春天的样子）|冬羽雀（秋天的样子）|冬羽雀（夏天的样子）|岚鸟（本来的样子）|岚鸟（春天的样子）|岚鸟（秋天的样子）|岚鸟（夏天的样子）|霜翼领主（本来的样子）|霜翼领主（春天的样子）|霜翼领主（秋天的样子）|霜翼领主（夏天的样子）|雪绒鸟（本来的样子）|雪绒鸟（春天的样子）|雪绒鸟（秋天的样子）|雪绒鸟（夏天的样子）|化蝶（喵喵的样子）|化蝶（平常的样子）|化蝶（奇丽花的样子）|化蝶（幽冥眼的样子）|鄙目鹬|高脚鹬|小鹬|皇家狮鹫（高山地的样子）|皇家狮鹫（崖间地的样子）|神圣狮鹫（高山地的样子）|神圣狮鹫（崖间地的样子）|小狮鹫（高山地的样子）|小狮鹫（崖间地的样子）|噼啪鸟|圣羽翼王
扇风,翼,物理,3,70,造成物伤，若先于敌方攻击，本次技能威力+50%。,火神|冬羽雀（本来的样子）|冬羽雀（春天的样子）|冬羽雀（秋天的样子）|冬羽雀（夏天的样子）|岚鸟（本来的样子）|岚鸟（春天的样子）|岚鸟（秋天的样子）|岚鸟（夏天的样子）|霜翼领主（本来的样子）|霜翼领主（春天的样子）|霜翼领主（秋天的样子）|霜翼领主（夏天的样子）|雪绒鸟（本来的样子）|雪绒鸟（春天的样子）|雪绒鸟（秋天的样子）|雪绒鸟（夏天的样子）|兽花蕾|花魁蜂后|黄蜂后|女王蜂|一窝蜂|叮叮恶魔|恶魔叮|绿翼鸟|魔眷鸟|魔翼鸟|龙鱼|鄙目鹬|高脚鹬|小鹬|斑斑|斑枭|皇家狮鹫（高山地的样子）|皇家狮鹫（崖间地的样子）|神圣狮鹫（高山地的样子）|展开全部 48 只精灵
翼击,翼,魔法,3,50,造成魔伤，迅捷。,鸭吉吉（紧实的样子）|鸭吉吉（蓬松的样子）|花魁蜂后|黄蜂后|女王蜂|一窝蜂|翠顶夫人|乖乖鹄|黑羽夫人|蓝珠天鹅|彩蝶鲨|风铃鲨|蓝蝶鲨|神谕鲨|锤头鹳|咔咔鸟|咔咔雀|咔咔羽毛|白金独角兽|龙鱼|鄙目鹬|高脚鹬|小鹬|噼啪鸟|绅士鸡|里奥|灵羽勇士|圣羽翼王|暮星辰|曜星光|幽星光
鹰爪,翼,物理,1,60,对敌方精灵造成物理伤害。,迪莫|芋香巨角蛛|蒲公英娃娃|星光狮（星光能量的样子）|星光狮（月光能量的样子）|花魁蜂后|叮叮恶魔|恶魔叮|锤头鹳|小翼龙|翼龙|针叶巡林|鄙目鹬|高脚鹬|小鹬|荆棘电环|窃光蚊|酷拉|夜枭|乌拉塔（极夜的样子）|乌拉塔（极昼的样子）|帕帕斯卡|绅士鸡|燃薪虫|寒音蛇|裘卡|多灵|多灵主|怒目怂猫|贝古斯|恶魔红钻|雅丹鬃
羽化加速,翼,状态,2,0,自己获得技能威力+20，迅捷。,权|权杖-Ⅴ|魔力猫|火神|鸭吉吉（紧实的样子）|鸭吉吉（蓬松的样子）|冬羽雀（本来的样子）|冬羽雀（春天的样子）|冬羽雀（秋天的样子）|冬羽雀（夏天的样子）|岚鸟（本来的样子）|岚鸟（春天的样子）|岚鸟（秋天的样子）|岚鸟（夏天的样子）|霜翼领主（本来的样子）|霜翼领主（春天的样子）|霜翼领主（秋天的样子）|霜翼领主（夏天的样子）|雪绒鸟（本来的样子）|雪绒鸟（春天的样子）|雪绒鸟（秋天的样子）|雪绒鸟（夏天的样子）|红绒十字|幽冥眼（闭眼的样子）|幽冥眼（睁眼的样子）|千棘盔（本来的样子）|千棘盔（磨损的样子）|嘟嘟锅|化蝶（喵喵的样子）|化蝶（平常的样子）|化蝶（奇丽花的样子）|化蝶（幽冥眼的样子）|幽影树|立方人|蹦蹦花（彩玉球形态）|蹦蹦花（短毛球形态）|蹦蹦花（海神球形态）|展开全部 97 只精灵
羽毛舞,翼,状态,2,—,迅捷，驱散敌方一种增益。,当前还没有整理到可学习精灵数据。
羽刃,翼,物理,2,70,造成物伤，应对状态：回合结束使敌方紧急脱离。,冬羽雀（本来的样子）|冬羽雀（春天的样子）|冬羽雀（秋天的样子）|冬羽雀（夏天的样子）|岚鸟（本来的样子）|岚鸟（春天的样子）|岚鸟（秋天的样子）|岚鸟（夏天的样子）|霜翼领主（本来的样子）|霜翼领主（春天的样子）|霜翼领主（秋天的样子）|霜翼领主（夏天的样子）|雪绒鸟（本来的样子）|雪绒鸟（春天的样子）|雪绒鸟（秋天的样子）|雪绒鸟（夏天的样子）|咔咔鸟|咔咔雀|咔咔羽毛|小翼龙|翼龙|斑斑|斑枭|皇家狮鹫（高山地的样子）|皇家狮鹫（崖间地的样子）|神圣狮鹫（高山地的样子）|神圣狮鹫（崖间地的样子）|小狮鹫（高山地的样子）|小狮鹫（崖间地的样子）|噼啪鸟|绅士鸡|武者鸡|厉毒修萝|泥吼牙|吸泥鸥|里奥|展开全部 38 只精灵
羽翼庇护,翼,状态,3,0,减伤70%，应对攻击：自己获得连击数+3。,水灵|蹦床松鼠|伊贝粉粉|翠顶夫人|黑羽夫人|锤头鹳|布克棱岩|怖哭菇|雪巨人|炽心勇狮|海豹船长|鄙目鹬|高脚鹬|小鹬|抹茶布丁|熔岩布丁|椰浆布丁|深蓝鲸|鳗尾兽|波多西|铠甲虫|寂灭骨龙|黑猫巫师|陨星虫|卡洛儿|电企鹅
啄击,翼,物理,0,15,造成物伤，2连击。,冬羽雀（本来的样子）|冬羽雀（春天的样子）|冬羽雀（秋天的样子）|冬羽雀（夏天的样子）|岚鸟（本来的样子）|岚鸟（春天的样子）|岚鸟（秋天的样子）|岚鸟（夏天的样子）|霜翼领主（本来的样子）|霜翼领主（春天的样子）|霜翼领主（秋天的样子）|霜翼领主（夏天的样子）|雪绒鸟（本来的样子）|雪绒鸟（春天的样子）|雪绒鸟（秋天的样子）|雪绒鸟（夏天的样子）|绿翼鸟|魔眷鸟|魔翼鸟|咔咔鸟|咔咔雀|咔咔羽毛|皇家狮鹫（高山地的样子）|皇家狮鹫（崖间地的样子）|神圣狮鹫（高山地的样子）|神圣狮鹫（崖间地的样子）|小狮鹫（高山地的样子）|小狮鹫（崖间地的样子）|武者鸡|泥吼牙|吸泥鸥|里奥|灵羽勇士|圣羽翼王
爆米花爆破,萌,物理,5,140,对敌方精灵造成物理伤害。,化蝶（喵喵的样子）|化蝶（平常的样子）|化蝶（奇丽花的样子）|化蝶（幽冥眼的样子）|毛毛|爬爬|蒲公英|蒲公英娃娃|伊贝粉粉|雪影娃娃|刺轮砣（上弦的样子）|刺轮砣（下弦的样子）|月亮砣（上弦的样子）|月亮砣（下弦的样子）|卡洛儿|壳乙螺|甜田螺|火焰猿
鞭打,萌,物理,0,40,对敌方精灵造成物理伤害。,立方人|古啦多|刺轮砣（上弦的样子）|刺轮砣（下弦的样子）|月亮砣（上弦的样子）|月亮砣（下弦的样子）|混乱鱿彩|墨鱿士|秩序鱿墨
超级糖果,萌,物理,3,100,造成物伤，自己获得萌化：本次技能威力+60。,化蝶（喵喵的样子）|化蝶（平常的样子）|化蝶（奇丽花的样子）|化蝶（幽冥眼的样子）|毛毛|爬爬|立方人|蒲公英|蒲公英娃娃|绿翼鸟|魔眷鸟|魔翼鸟|獠牙猪|大耳帽兜|帽兜娃娃|雪影冰灵|雪影娃娃|圣代甜甜（蓝莓草莓口味）|圣代甜甜（蓝莓抹茶口味）|圣代甜甜（蓝莓巧克力口味）|圣代甜甜（杨桃草莓口味）|圣代甜甜（杨桃抹茶口味）|圣代甜甜（杨桃巧克力口味）|圣代甜甜（樱桃草莓口味）|圣代甜甜（樱桃抹茶口味）|圣代甜甜（樱桃巧克力口味）|熔岩布丁|逗逗|梦想三三|奇梦咪|气球猫|酷拉|帕帕斯卡|古钟蛇|古钟蛇（本命年的样子）|寒音蛇|展开全部 43 只精灵
赤子之心,萌,状态,2,0,场下每个精灵获得萌化，之后回复40%生命和4能量。,红绒十字|红丝绒|治愈兔|雪影娃娃|月亮砣（上弦的样子）|月亮砣（下弦的样子）|逗逗|梦想三三|奇梦咪|气球猫|白发路路|古钟蛇|古钟蛇（本命年的样子）|寒音蛇|寒音蛇（本命年的样子）|春花兔|绒光优优
飞吻,萌,魔法,2,80,对敌方精灵造成魔法伤害。,红绒十字|红丝绒|治愈兔|化蝶（喵喵的样子）|化蝶（平常的样子）|化蝶（奇丽花的样子）|化蝶（幽冥眼的样子）|立方人|蒲公英娃娃|梦悠悠（穿旧睡衣的样子）|朔夜伊芙|魔眷鸟|咔咔鸟|菊花梨|雪影娃娃|月亮砣（上弦的样子）|月亮砣（下弦的样子）|琉璃水母|圣代甜甜（蓝莓草莓口味）|圣代甜甜（蓝莓抹茶口味）|圣代甜甜（蓝莓巧克力口味）|圣代甜甜（杨桃草莓口味）|圣代甜甜（杨桃抹茶口味）|圣代甜甜（杨桃巧克力口味）|圣代甜甜（樱桃草莓口味）|圣代甜甜（樱桃抹茶口味）|圣代甜甜（樱桃巧克力口味）|逗逗|梦想三三|奇梦咪|气球猫|白发路路|酷拉|寒音蛇|绒仙子|卡洛儿|展开全部 39 只精灵
魅惑,萌,魔法,1,60,对敌方精灵造成魔法伤害。,迪莫|水灵|水泡壳（本来的样子）|水泡壳（蜕皮时的样子）|芋香巨角蛛|幻影灵菇|红绒十字|晶石蜗（火山琉璃的样子）|晶石蜗（蓝锥矿的样子）|晶石蜗（莲花刚玉的样子）|晶石蜗（烧蓝黄金的样子）|晶石蜗（西瓜碧玺的样子）|晶石蜗（星彩榴石的样子）|卷胡巨獭|音速犬|蹦床松鼠|利灯鱼|化蝶（喵喵的样子）|化蝶（平常的样子）|化蝶（奇丽花的样子）|化蝶（幽冥眼的样子）|毛毛|爬爬|电球咩咩|伊贝粉粉|星光狮（星光能量的样子）|星光狮（月光能量的样子）|石冠王蜥（本来的样子）|石冠王蜥（球球尾巴的样子）|花魁蜂后|朔夜伊芙|翠顶夫人|黑羽夫人|彩蝶鲨|咔咔鸟|白金独角兽|展开全部 84 只精灵
逆向演化,萌,状态,1,—,解除萌化，每层萌化会给敌方赋予一层萌化。,当前还没有整理到可学习精灵数据。
捧杀,萌,状态,4,0,减伤90%，应对攻击：敌方获得1层萌化。,晶石蜗（莲花刚玉的样子）|伊贝粉粉|石冠王蜥（本来的样子）|石冠王蜥（球球尾巴的样子）|古啦多|琉璃水母|抹茶布丁|熔岩布丁|椰浆布丁|卡洛儿|壳乙螺|甜田螺|秩序鱿墨
碰爪,萌,物理,1,60,对敌方精灵造成物理伤害。,岚鸟（本来的样子）|岚鸟（春天的样子）|岚鸟（秋天的样子）|岚鸟（夏天的样子）|芋香巨角蛛|卡瓦重（草地附近的样子）|卡瓦重（沙地附近的样子）|卡瓦重（雪山附近的样子）|记忆石|电球咩咩|瞌睡王|巨噬针鼹|兽花蕾|石冠王蜥（本来的样子）|石冠王蜥（球球尾巴的样子）|叮叮恶魔|魔眷鸟|布克棱岩|罗隐|恶魔狼|咔咔鸟|遁地鼠（储水期的样子）|遁地鼠（枯水期的样子）|翼龙|菊花梨|影狸|雪巨人|獠牙猪|炽心勇狮|声波缇塔|爵士鹿|皇家狮鹫（高山地的样子）|皇家狮鹫（崖间地的样子）|棋齐垒（白子）|棋齐垒（黑子）|棋骑士（白子）|展开全部 59 只精灵
柔弱,萌,状态,1,—,获得萌化，降低敌方70%物攻和物防。,当前还没有整理到可学习精灵数据。
撒娇,萌,魔法,3,30,造成魔伤，3连击，获得萌化：威力永久+20。,芋香巨角蛛|红绒十字|红丝绒|治愈兔|电球咩咩|梦悠悠（穿旧睡衣的样子）|朔夜伊芙|菊花梨|古啦多|大耳帽兜|帽兜娃娃|雪影冰灵|雪影娃娃|刺轮砣（上弦的样子）|刺轮砣（下弦的样子）|月亮砣（上弦的样子）|月亮砣（下弦的样子）|逗逗|梦想三三|奇梦咪|气球猫|古钟蛇|古钟蛇（本命年的样子）|寒音蛇|寒音蛇（本命年的样子）|卡洛儿|怒目怂猫
砂糖弹球,萌,物理,2,0,造成物伤，双方体重差越大，本次技能威力越高。,伊贝粉粉|石冠王蜥（本来的样子）|石冠王蜥（球球尾巴的样子）|绿翼鸟|魔眷鸟|魔翼鸟|卡洛儿|壳乙螺|甜田螺|春花兔|秩序鱿墨
生日蛋糕,萌,状态,4,0,自己获得萌化：全技能能耗永久-4。,红绒十字|化蝶（喵喵的样子）|化蝶（平常的样子）|化蝶（奇丽花的样子）|化蝶（幽冥眼的样子）|毛毛|爬爬|蒲公英|蒲公英娃娃|绿翼鸟|魔眷鸟|魔翼鸟|菊花梨|大耳帽兜|帽兜娃娃|雪影冰灵|雪影娃娃|刺轮砣（上弦的样子）|刺轮砣（下弦的样子）|月亮砣（上弦的样子）|月亮砣（下弦的样子）|圣代甜甜（蓝莓草莓口味）|圣代甜甜（蓝莓抹茶口味）|圣代甜甜（蓝莓巧克力口味）|圣代甜甜（杨桃草莓口味）|圣代甜甜（杨桃抹茶口味）|圣代甜甜（杨桃巧克力口味）|圣代甜甜（樱桃草莓口味）|圣代甜甜（樱桃抹茶口味）|圣代甜甜（樱桃巧克力口味）|逗逗|梦想三三|奇梦咪|气球猫|白发路路|古钟蛇|展开全部 43 只精灵
示弱,萌,状态,1,0,自己获得萌化：速度永久+150。,红绒十字|红丝绒|治愈兔|立方人|蒲公英|蒲公英娃娃|菊花梨|逗逗|梦想三三|奇梦咪|气球猫|白发路路|呆小路|舞动路路|古钟蛇|古钟蛇（本命年的样子）|寒音蛇|寒音蛇（本命年的样子）
玩具乐园,萌,状态,7,—,自身及背包里的精灵获得萌化，并提升30%攻防，速度+20。,当前还没有整理到可学习精灵数据。
幼态延续,萌,魔攻,4,90,造成魔伤，自身拥有萌化时威力+60。,当前还没有整理到可学习精灵数据。
月光合奏,萌,物理,3,30,造成物伤，1连击，双方携带的所有精灵每有1层萌化，本次技能连击数+1。,晶石蜗（莲花刚玉的样子）|电球咩咩|蒲公英|蒲公英娃娃|朔夜伊芙|绿翼鸟|魔眷鸟|魔翼鸟|菊花梨|逗逗|梦想三三|奇梦咪|气球猫|白发路路|呆小路|舞动路路|古钟蛇|古钟蛇（本命年的样子）|寒音蛇|寒音蛇（本命年的样子）|卡洛儿|壳乙螺|甜田螺
报复,幽,状态,2,0,减伤60%，应对攻击：敌方失去3能量。,幻灵菇|幻影灵菇|小灵菇|晶石蜗（火山琉璃的样子）|暗影灵面（闭眼的样子）|暗影灵面（睁眼的样子）|小灵面|幽冥眼（闭眼的样子）|幽冥眼（睁眼的样子）|花影羚羊|布克棱岩|怖哭菇|雪巨人|燃薪虫|寂灭骨龙
背袭,幽,魔法,2,30,造成魔伤，若敌方能量等于0，造成20倍伤害。,暗影灵面（闭眼的样子）|暗影灵面（睁眼的样子）|小灵面|幽冥眼（闭眼的样子）|幽冥眼（睁眼的样子）|梦悠悠（穿旧睡衣的样子）|梦悠悠（穿星星睡衣的样子）|梦游（穿旧睡衣的样子）|梦游（穿星星睡衣的样子）|星光狮（月光能量的样子）|海枝枝（碧蓝珊瑚）|海枝枝（翠绿纶布）|海枝枝（杏黄百合）|海枝枝（洋红沙丁）|空空颅|夜宿颅|夜枭
嘲弄,幽,状态,2,0,自己获得魔攻+70%，若敌方本回合替换精灵，自己获得速度+70。,权|权杖-Ⅴ|芋香巨角蛛|幻灵菇|幻影灵菇|小灵菇|暗影灵面（闭眼的样子）|暗影灵面（睁眼的样子）|小灵面|幽冥眼（闭眼的样子）|幽冥眼（睁眼的样子）|仪式巨像|影狸|雪灵|巨灵石|石石|海枝枝（碧蓝珊瑚）|海枝枝（翠绿纶布）|海枝枝（杏黄百合）|海枝枝（洋红沙丁）|圆号鱼|空空颅|夜宿颅|夜枭|多灵|多灵主|落陨星兔|黑猫巫师
恶作剧,幽,状态,0,0,敌方失去3能量，应对防御：改为敌方失去6能量。,权|权杖-Ⅴ|暗影灵面（闭眼的样子）|暗影灵面（睁眼的样子）|小灵面|幽冥眼（闭眼的样子）|幽冥眼（睁眼的样子）|幻影荆棘|幽影树|梦悠悠（穿旧睡衣的样子）|梦悠悠（穿星星睡衣的样子）|梦游（穿旧睡衣的样子）|梦游（穿星星睡衣的样子）|花影羚羊|铃兰羊|锥尾羊|仪式巨像|雪灵|巨灵石|石石|游蛇魔使|圆号鱼|落陨星兔|混乱鱿彩|墨鱿士
坟场搏击,幽,物理,4,180,造成物伤，敌方每有1能量，本次技能威力-10%。,幻影灵菇|幻影荆棘|幽影树|星光狮（月光能量的样子）|花影羚羊|铃兰羊|锥尾羊|恶魔狼|忽幽狸|影狸|游蛇魔使|鳗尾兽|多灵|多灵主|大头骨龙|寂灭骨龙|混乱鱿彩|墨鱿士|秩序鱿墨
诡刺,幽,物理,0,40,对敌方精灵造成物理伤害。,幻影荆棘|幽影树|布克棱岩|恶魔狼|雪巨人|雪灵|獠牙猪|圣代甜甜（蓝莓草莓口味）|圣代甜甜（蓝莓抹茶口味）|圣代甜甜（蓝莓巧克力口味）|圣代甜甜（杨桃草莓口味）|圣代甜甜（杨桃抹茶口味）|圣代甜甜（杨桃巧克力口味）|圣代甜甜（樱桃草莓口味）|圣代甜甜（樱桃抹茶口味）|圣代甜甜（樱桃巧克力口味）|荆棘电环|斑枭|燃薪虫|卡波|卡拉波斯|大头骨龙|寂灭骨龙|混乱鱿彩|墨鱿士|秩序鱿墨
鬼火,幽,魔法,0,30,造成魔伤，自己回复1能量。,幻灵菇|幻影灵菇|小灵菇|暗影灵面（闭眼的样子）|暗影灵面（睁眼的样子）|小灵面|幽冥眼（闭眼的样子）|幽冥眼（睁眼的样子）|忽幽狸|影狸|巨灵石|石石|圆号鱼|夜枭|燃薪虫|多灵|多灵主|画间沉铁兽|画间法师手|贝古斯
幻象,幽,物理,1,60,对敌方精灵造成物理伤害。,权|权杖-Ⅴ|迪莫|芋香巨角蛛|幻灵菇|幻影灵菇|小灵菇|音速犬|蒲公英娃娃|星光狮（星光能量的样子）|星光狮（月光能量的样子）|花魁蜂后|叮叮恶魔|花影羚羊|铃兰羊|锥尾羊|忽幽狸|影狸|怖哭菇|雪巨人|巨灵石|石石|针叶巡林|龙鱼|荆棘电环|窃光蚊|斑枭|酷拉|噼啪鸟|绅士鸡|寒音蛇|裘卡|卡波|卡拉波斯|大头骨龙|寂灭骨龙|画间沉铁兽|展开全部 43 只精灵
降灵,幽,状态,2,0,敌方获得1层降灵印记。,幻灵菇|幻影灵菇|小灵菇|暗影灵面（闭眼的样子）|暗影灵面（睁眼的样子）|小灵面|幽冥眼（闭眼的样子）|幽冥眼（睁眼的样子）|幻影荆棘|幽影树|梦悠悠（穿旧睡衣的样子）|梦悠悠（穿星星睡衣的样子）|梦游（穿旧睡衣的样子）|梦游（穿星星睡衣的样子）|叮叮恶魔|花影羚羊|铃兰羊|锥尾羊|布克棱岩|忽幽狸|影狸|雪巨人|巨灵石|游蛇魔使|里拉鳐|空空颅|夜宿颅|夜枭|多灵|多灵主|大头骨龙|寂灭骨龙|落陨星兔|混乱鱿彩|墨鱿士|秩序鱿墨
惊吓盒子,幽,物理,3,85,造成物伤，应对状态：使敌方失去6能量。,芋香巨角蛛|幻灵菇|幻影灵菇|小灵菇|叮叮恶魔|布克棱岩|恶魔狼|菊花梨|忽幽狸|影狸|雪巨人|獠牙猪|圣代甜甜（蓝莓草莓口味）|圣代甜甜（蓝莓抹茶口味）|圣代甜甜（蓝莓巧克力口味）|圣代甜甜（杨桃草莓口味）|圣代甜甜（杨桃抹茶口味）|圣代甜甜（杨桃巧克力口味）|圣代甜甜（樱桃草莓口味）|圣代甜甜（樱桃抹茶口味）|圣代甜甜（樱桃巧克力口味）|荆棘电环|斑枭|空空颅|夜宿颅|夜枭|多灵|多灵主|画间沉铁兽
恐吓,幽,魔法,2,80,对敌方精灵造成魔法伤害。,权|权杖-Ⅴ|晶石蜗（火山琉璃的样子）|暗影灵面（闭眼的样子）|暗影灵面（睁眼的样子）|小灵面|幽冥眼（闭眼的样子）|幽冥眼（睁眼的样子）|利灯鱼|梦悠悠（穿旧睡衣的样子）|梦悠悠（穿星星睡衣的样子）|梦游（穿旧睡衣的样子）|梦游（穿星星睡衣的样子）|魔眷鸟|怖哭菇|雪灵|游蛇魔使|圣代甜甜（蓝莓草莓口味）|圣代甜甜（蓝莓抹茶口味）|圣代甜甜（蓝莓巧克力口味）|圣代甜甜（杨桃草莓口味）|圣代甜甜（杨桃抹茶口味）|圣代甜甜（杨桃巧克力口味）|圣代甜甜（樱桃草莓口味）|圣代甜甜（樱桃抹茶口味）|圣代甜甜（樱桃巧克力口味）|海枝枝（碧蓝珊瑚）|海枝枝（翠绿纶布）|海枝枝（杏黄百合）|海枝枝（洋红沙丁）|荆棘电环|斑枭|圆号鱼|鳗尾兽|泥吼牙|落陨星兔|黑猫巫师|展开全部 37 只精灵
灵光,幽,魔法,3,25,造成魔伤，3连击，若敌方本回合替换精灵，本次技能连击数翻倍。,幻灵菇|幻影灵菇|小灵菇|晶石蜗（火山琉璃的样子）|梦悠悠（穿旧睡衣的样子）|仪式巨像|菊花梨|雪灵|海枝枝（碧蓝珊瑚）|海枝枝（翠绿纶布）|海枝枝（杏黄百合）|海枝枝（洋红沙丁）|空空颅|夜宿颅|夜枭|落陨星兔
灵媒,幽,魔法,3,100,对敌方精灵造成魔法伤害。,岚鸟（本来的样子）|岚鸟（春天的样子）|岚鸟（秋天的样子）|岚鸟（夏天的样子）|芋香巨角蛛|幻影灵菇|红绒十字|卡瓦重（草地附近的样子）|卡瓦重（沙地附近的样子）|卡瓦重（雪山附近的样子）|幽冥眼（闭眼的样子）|幽冥眼（睁眼的样子）|利灯鱼|记忆石|幽影树|瞌睡王|梦悠悠（穿旧睡衣的样子）|巨噬针鼹|黑羽夫人|彩蝶鲨|叮叮恶魔|魔眷鸟|花影羚羊|罗隐|恶魔狼|仪式巨像|咔咔鸟|遁地鼠（储水期的样子）|遁地鼠（枯水期的样子）|翼龙|白金独角兽|风滚暮虫（金黄的样子）|风滚暮虫（枯叶的样子）|菊花梨|影狸|雪灵|展开全部 87 只精灵
午夜噪音,幽,魔法,4,20,造成魔伤，5连击。,幽影树|梦悠悠（穿旧睡衣的样子）|梦悠悠（穿星星睡衣的样子）|梦游（穿旧睡衣的样子）|梦游（穿星星睡衣的样子）|海枝枝（碧蓝珊瑚）|海枝枝（翠绿纶布）|海枝枝（杏黄百合）|海枝枝（洋红沙丁）|斑枭|黑猫巫师
小偷小摸,幽,状态,1,—,偷取敌方3能量。,当前还没有整理到可学习精灵数据。
虚化,幽,状态,2,0,减伤70%，应对攻击：自己获得魔防+40%。,水灵|水泡壳（本来的样子）|水泡壳（蜕皮时的样子）|幻影灵菇|晶石蜗（火山琉璃的样子）|晶石蜗（蓝锥矿的样子）|晶石蜗（莲花刚玉的样子）|晶石蜗（烧蓝黄金的样子）|晶石蜗（西瓜碧玺的样子）|晶石蜗（星彩榴石的样子）|卷胡巨獭|蹦床松鼠|幻影荆棘|幽影树|电球咩咩|伊贝粉粉|石冠王蜥（本来的样子）|石冠王蜥（球球尾巴的样子）|翠顶夫人|布克棱岩|古啦多|怖哭菇|雪巨人|炽心勇狮|闪电鳗鱼|琉璃水母|海豹船长|抹茶布丁|熔岩布丁|椰浆布丁|深蓝鲸|嗜波螺|棋齐垒（白子）|棋齐垒（黑子）|鳗尾兽|迷迷箱怪|展开全部 49 只精灵
幽灵爆发,幽,魔法,5,140,对敌方精灵造成魔法伤害。,暗影灵面（闭眼的样子）|暗影灵面（睁眼的样子）|小灵面|幽冥眼（闭眼的样子）|幽冥眼（睁眼的样子）|幻影荆棘|幽影树|梦悠悠（穿旧睡衣的样子）|梦悠悠（穿星星睡衣的样子）|梦游（穿旧睡衣的样子）|梦游（穿星星睡衣的样子）|忽幽狸|影狸|巨灵石|石石|圣代甜甜（蓝莓草莓口味）|圣代甜甜（蓝莓抹茶口味）|圣代甜甜（蓝莓巧克力口味）|圣代甜甜（杨桃草莓口味）|圣代甜甜（杨桃抹茶口味）|圣代甜甜（杨桃巧克力口味）|圣代甜甜（樱桃草莓口味）|圣代甜甜（樱桃抹茶口味）|圣代甜甜（樱桃巧克力口味）|空空颅|夜宿颅|夜枭|雅丹鬃
暗突袭,恶,物理,4,70,造成物伤，吸血50%，应对状态：本次技能威力翻倍。,火神|星光狮（星光能量的样子）|叮叮恶魔|恶魔叮|阿米亚特|阿米樱|罗隐|恶魔狼|恶魔狼王|影狸|爵士鹿|荆棘电环|迷你乌（极夜的样子）|迷你乌（极昼的样子）|乌达（极夜的样子）|乌达（极昼的样子）|乌拉塔（极夜的样子）|乌拉塔（极昼的样子）|裘卡|泥吼牙|龙息帕尔|帕尔萨斯|小帕尔|冰钻布鲁斯
暗箱操作,恶,状态,1,0,自己获得双攻和双防-100%，应对防御：改为敌方-100%。,幽冥眼（闭眼的样子）|幽冥眼（睁眼的样子）|千棘盔（本来的样子）|千棘盔（磨损的样子）|幽影树|朔夜伊芙|叮叮恶魔|恶魔叮|花影羚羊|窃光蚊|嗜光嗡嗡|棋祈督（黑子）|棋绮后（黑子）|卡波|卡拉波斯|恶魔红钻
彼岸之手,恶,物理,10,150,造成物伤，自己每失去10%生命，本技能能耗-1。,叮叮恶魔|罗隐|恶魔狼|恶魔狼王|波多西|耳翎瑰魅|瑰眼仔|邪眼巨魔|卡波|卡拉波斯|龙息帕尔|帕尔萨斯|小帕尔|烈火守护|混乱鱿彩|墨鱿士
蝙蝠,恶,物理,2,60,造成物伤，并吸血100%。,朔夜伊芙|小夜|紫夜|阿米亚特|阿米樱|罗隐|恶魔狼|恶魔狼王|窃光蚊|嗜光嗡嗡|耳翎瑰魅|瑰眼仔|邪眼巨魔|卡波|卡拉波斯|龙息帕尔|帕尔萨斯|小帕尔|矮脚爬爬|恶魔红钻
趁火打劫,恶,物理,3,35,造成物伤，2连击，若击败敌方，本技能连击数永久+2。,叮叮恶魔|恶魔叮|恶魔狼|恶魔狼王|迷你乌（极夜的样子）|迷你乌（极昼的样子）|乌达（极夜的样子）|乌达（极昼的样子）|乌拉塔（极夜的样子）|乌拉塔（极昼的样子）|厉毒小萝|厉毒修萝
冲击,恶,物攻,2,80,对敌方精灵造成物理伤害。,当前还没有整理到可学习精灵数据。
等价交换,恶,状态,3,0,减伤90%，应对攻击：自己获得50%吸血。,水灵|水泡壳（本来的样子）|水泡壳（蜕皮时的样子）|幻影灵菇|晶石蜗（火山琉璃的样子）|晶石蜗（蓝锥矿的样子）|晶石蜗（莲花刚玉的样子）|晶石蜗（烧蓝黄金的样子）|晶石蜗（西瓜碧玺的样子）|晶石蜗（星彩榴石的样子）|卷胡巨獭|蹦床松鼠|电球咩咩|伊贝粉粉|石冠王蜥（本来的样子）|石冠王蜥（球球尾巴的样子）|朔夜伊芙|小夜|紫夜|翠顶夫人|黑羽夫人|布克棱岩|古啦多|怖哭菇|雪巨人|炽心勇狮|闪电鳗鱼|琉璃水母|海豹船长|抹茶布丁|熔岩布丁|椰浆布丁|深蓝鲸|嗜波螺|棋齐垒（白子）|棋齐垒（黑子）|展开全部 49 只精灵
跌落,恶,物理,3,120,造成大量物伤，自己获得物攻-50%，应对状态：改为获得物攻+50%。,音速犬|利灯鱼|窃光蚊|嗜光嗡嗡|斑枭|夜枭|乌拉塔（极夜的样子）|乌拉塔（极昼的样子）|厉毒小萝|厉毒修萝|恶魔红钻
恶能量,恶,物理,1,60,对敌方精灵造成物理伤害。,迪莫|岚鸟（本来的样子）|岚鸟（春天的样子）|岚鸟（秋天的样子）|岚鸟（夏天的样子）|芋香巨角蛛|音速犬|卡瓦重（草地附近的样子）|卡瓦重（沙地附近的样子）|卡瓦重（雪山附近的样子）|记忆石|蒲公英娃娃|瞌睡王|巨噬针鼹|星光狮（星光能量的样子）|星光狮（月光能量的样子）|花魁蜂后|魔眷鸟|花影羚羊|铃兰羊|锥尾羊|咔咔鸟|遁地鼠（储水期的样子）|遁地鼠（枯水期的样子）|翼龙|影狸|獠牙猪|针叶巡林|龙鱼|声波缇塔|爵士鹿|荆棘电环|皇家狮鹫（高山地的样子）|皇家狮鹫（崖间地的样子）|棋骑士（白子）|棋骑士（黑子）|展开全部 62 只精灵
恶念交换,恶,状态,4,0,与敌方交换生命比例。,龙息帕尔|帕尔萨斯|小帕尔
恶意逃离,恶,状态,1,0,脱离，应对防御：额外使敌方攻击技能能耗+6。,朔夜伊芙|小夜|紫夜|锤头鹳|花影羚羊|铃兰羊|锥尾羊|恶魔狼|恶魔狼王|影狸|窃光蚊|迷你乌（极夜的样子）|迷你乌（极昼的样子）|乌达（极夜的样子）|乌达（极昼的样子）|乌拉塔（极夜的样子）|乌拉塔（极昼的样子）|耳翎瑰魅|瑰眼仔|邪眼巨魔|龙息帕尔|帕尔萨斯|小帕尔
横纵斩,恶,魔攻,2,25,造成魔伤，2连击。,当前还没有整理到可学习精灵数据。
极限撕裂,恶,物理,4,140,造成物伤，若生命高于50%，使用后自己获得双攻-50%。,幽影树|花影羚羊|铃兰羊|锥尾羊|布克棱岩|迷你乌（极夜的样子）|迷你乌（极昼的样子）|乌达（极夜的样子）|乌达（极昼的样子）|乌拉塔（极夜的样子）|乌拉塔（极昼的样子）|铠甲虫|耳翎瑰魅|瑰眼仔|邪眼巨魔|卡波|卡拉波斯|龙息帕尔|帕尔萨斯|小帕尔|矮脚爬爬|恶魔红钻
力量吞噬,恶,状态,4,0,敌方获得技能威力-20，自己获得技能威力+20。,火神|幽冥眼（闭眼的样子）|幽冥眼（睁眼的样子）|千棘盔（本来的样子）|千棘盔（磨损的样子）|花影羚羊|铃兰羊|锥尾羊|阿米亚特|阿米樱|罗隐|恶魔狼|恶魔狼王|窃光蚊|嗜光嗡嗡|棋祈督（黑子）|棋骑士（黑子）|棋绮后（黑子）|乌拉塔（极夜的样子）|乌拉塔（极昼的样子）|厉毒修萝|卡波|卡拉波斯|冰钻布鲁斯|矮脚爬爬|恶魔红钻|混乱鱿彩|墨鱿士|秩序鱿墨
掠夺,恶,魔法,1,60,对敌方精灵造成魔法伤害。,幽冥眼（闭眼的样子）|幽冥眼（睁眼的样子）|千棘盔（本来的样子）|千棘盔（磨损的样子）|利灯鱼|幽影树|梦悠悠（穿旧睡衣的样子）|星光狮（星光能量的样子）|花魁蜂后|朔夜伊芙|小夜|紫夜|锤头鹳|荆棘电环|斑枭|夜枭|裘卡|古卷匣魔像
魔爪,恶,物理,0,30,造成物伤，自己回复1能量。,卡瓦重（草地附近的样子）|卡瓦重（沙地附近的样子）|卡瓦重（雪山附近的样子）|朔夜伊芙|小夜|紫夜|叮叮恶魔|恶魔叮|阿米亚特|阿米樱|罗隐|裘卡|厉毒小萝|厉毒修萝|卡波|卡拉波斯
骗局,恶,魔法,4,110,造成魔伤，能量不足时，消耗5%生命代替1能量。,耳翎瑰魅|瑰眼仔|邪眼巨魔
迫害,恶,物理,0,40,对敌方精灵造成物理伤害。,黑羽夫人|荆棘电环|窃光蚊|嗜光嗡嗡|斑枭|棋骑士（黑子）|泥吼牙|耳翎瑰魅|瑰眼仔|邪眼巨魔|冰钻布鲁斯
欺诈契约,恶,状态,3,0,与敌方交换增益和减益。,朔夜伊芙|小夜|紫夜|花影羚羊|影狸|荆棘电环|斑枭|裘卡|厉毒小萝|厉毒修萝|泥吼牙|龙息帕尔|帕尔萨斯|小帕尔
牵连,恶,魔法,4,85,造成魔伤，敌方每有1只力竭精灵，本次技能威力+30。,窃光蚊|嗜光嗡嗡|卡波|卡拉波斯
撕裂,恶,物理,3,85,造成物伤，应对状态：本次攻击吸血100%。,叮叮恶魔|恶魔狼|恶魔狼王|棋骑士（黑子）|寒音蛇|龙息帕尔|帕尔萨斯|小帕尔|烈火守护
撕咬,恶,物理,3,30,造成物伤，3连击，若自己的生命低于50%，本次技能连击数+2。,岚鸟（本来的样子）|岚鸟（春天的样子）|岚鸟（秋天的样子）|岚鸟（夏天的样子）|音速犬|星光狮（星光能量的样子）|花魁蜂后|朔夜伊芙|小夜|紫夜|黑羽夫人|叮叮恶魔|恶魔叮|锤头鹳|花影羚羊|铃兰羊|锥尾羊|恶魔狼|恶魔狼王|针叶巡林|爵士鹿|棋祈督（黑子）|棋绮后（黑子）|寒音蛇|厉毒小萝|厉毒修萝|耳翎瑰魅|瑰眼仔|邪眼巨魔|卡波|卡拉波斯|冰钻布鲁斯
贪婪,恶,状态,2,0,获得100%吸血。,权|权杖-Ⅴ|魔力猫|火神|鸭吉吉（紧实的样子）|鸭吉吉（蓬松的样子）|红绒十字|音速犬|幽冥眼（闭眼的样子）|幽冥眼（睁眼的样子）|千棘盔（本来的样子）|千棘盔（磨损的样子）|嘟嘟锅|化蝶（喵喵的样子）|化蝶（平常的样子）|化蝶（奇丽花的样子）|化蝶（幽冥眼的样子）|幽影树|立方人|蹦蹦花（彩玉球形态）|蹦蹦花（短毛球形态）|蹦蹦花（海神球形态）|蹦蹦花（象牙球形态）|花衣蝶|梦悠悠（穿旧睡衣的样子）|魔草巫灵|兽花蕾|朔夜伊芙|小夜|紫夜|奇丽花|叮叮恶魔|恶魔叮|锤头鹳|阿米亚特|阿米樱|罗隐|展开全部 73 只精灵
伪造账单,恶,状态,1,0,若敌方本回合回复生命，改为失去2倍。先手+1。,利灯鱼|幽影树|梦悠悠（穿旧睡衣的样子）|朔夜伊芙|小夜|紫夜|花影羚羊|恶魔狼|恶魔狼王|夜枭|寒音蛇|卡波|卡拉波斯|龙息帕尔|帕尔萨斯|小帕尔|烈火守护|恶魔红钻|混乱鱿彩|墨鱿士
虚假破产,恶,状态,2,0,减伤80%，能量不足时，消耗5%生命代替1能量，应对攻击。,晶石蜗（星彩榴石的样子）|梦悠悠（穿旧睡衣的样子）|黑羽夫人|锤头鹳|花影羚羊|铃兰羊|锥尾羊|布克棱岩|棋齐垒（黑子）|波多西|铠甲虫|耳翎瑰魅|瑰眼仔|邪眼巨魔|古卷匣魔像
隐藏条款,恶,状态,8,0,与敌方交换携带的技能。,朔夜伊芙|小夜|紫夜|花影羚羊|窃光蚊|龙息帕尔|帕尔萨斯|小帕尔
灾厄,恶,物理,1,150,对自己造成物伤，应对状态：改为对敌方造成物伤。,黑羽夫人|窃光蚊|嗜光嗡嗡|矮脚爬爬|恶魔红钻
栽赃,恶,魔法,6,150,对敌方精灵造成魔法伤害。,幽冥眼（闭眼的样子）|黑羽夫人
拆卸,机械,物理,0,40,对敌方精灵造成物理伤害。,声波缇塔|缇塔
齿轮扭矩,机械,物理,3,60,造成物伤，每变化1次位置，本技能威力永久+20。,多彩方方|机械方方|立方人|声波缇塔|缇塔|圣剑-X|圣剑骑士|圣剑侍从|螺旋帕帕|帕帕斯卡|波多西|多西|库多西
齿轮切开,机械,物理,6,145,造成物伤，本技能位于1号或3号位时能耗-2。传动1。,声波缇塔|缇塔|圣剑-X|圣剑骑士|圣剑侍从|波多西|多西|库多西|迷迷箱怪|小箱怪
传感器,机械,物理,1,20,造成物伤，2连击。本技能位于1号或3号位时，连击数+1。传动1。,遁地鼠（枯水期的样子）|声波缇塔|缇塔|螺旋帕帕|帕帕斯卡
磁暴,机械,魔法,3,95,造成魔伤，本技能位于1号或3号位时，威力+30。传动1。,权|权杖-Ⅴ|权杖-II|权杖-V|圣剑-X|圣剑骑士|圣剑侍从|迷迷箱怪|小箱怪|贝古斯|贝加尔|贝瑟
杠杆置换,机械,状态,0,0,自己回复2能量，交换两侧技能位置。,权|权杖-Ⅴ|多彩方方|机械方方|立方人|遁地鼠（枯水期的样子）|权杖-II|权杖-V|声波缇塔|缇塔|圆号鱼|噼啪鸟|螺旋帕帕|帕帕斯卡|迷迷箱怪|小箱怪|贝古斯|贝加尔|贝瑟|电企鹅
钢铁洪流,机械,物理,3,80,造成物伤，本技能位于1号位时威力+90。传动2。,权|权杖-Ⅴ|多彩方方|机械方方|立方人|权杖-II|权杖-V|螺旋帕帕|帕帕斯卡
钢钻,机械,物理,4,0,造成物伤，技能威力为两侧技能威力和的三分之一，传动。,权|权杖-Ⅴ|圣剑-X|圣剑骑士|圣剑侍从|帕帕斯卡|波多西|多西|库多西|迷迷箱怪
金属噪音,机械,魔法,2,80,对敌方精灵造成魔法伤害。,权|权杖-Ⅴ|红绒十字|立方人|声波缇塔|嗜波螺|棋骑士（白子）|棋骑士（黑子）|圣剑-X|圣剑骑士|圣剑侍从|帕帕斯卡|波多西|迷迷箱怪|电企鹅
离子震荡,机械,魔法,1,55,造成魔伤，本技能位于3号位时，威力+40。传动1。,权|权杖-Ⅴ|迪莫|水灵|水泡壳（本来的样子）|水泡壳（蜕皮时的样子）|芋香巨角蛛|幻影灵菇|晶石蜗（火山琉璃的样子）|晶石蜗（蓝锥矿的样子）|晶石蜗（莲花刚玉的样子）|晶石蜗（烧蓝黄金的样子）|晶石蜗（西瓜碧玺的样子）|晶石蜗（星彩榴石的样子）|卷胡巨獭|音速犬|蹦床松鼠|利灯鱼|嘟嘟锅|电球咩咩|蒲公英娃娃|伊贝粉粉|星光狮（星光能量的样子）|星光狮（月光能量的样子）|石冠王蜥（本来的样子）|石冠王蜥（球球尾巴的样子）|花魁蜂后|翠顶夫人|黑羽夫人|彩蝶鲨|花影羚羊|白金独角兽|风滚暮虫（金黄的样子）|风滚暮虫（枯叶的样子）|菊花梨|古啦多|怖哭菇|展开全部 91 只精灵
联动装置,机械,状态,0,0,使用后两侧技能的威力永久+20，应对防御：变为威力永久+30。,权|权杖-Ⅴ|多彩方方|机械方方|立方人|权杖-II|权杖-V|圣剑-X|圣剑骑士|圣剑侍从|贝古斯|贝加尔|贝瑟
能量守恒,机械,状态,2,0,减伤80%，应对攻击：两侧的技能能耗永久-1。,晶石蜗（蓝锥矿的样子）|波多西|多西|库多西|迷迷箱怪|小箱怪|贝古斯|贝加尔|贝瑟
啮合传递,机械,状态,1,0,自己获得速度+80，本技能位于1号位或3号位时额外获得物攻+100%。传动1。,权|权杖-Ⅴ|魔力猫|火神|鸭吉吉（紧实的样子）|鸭吉吉（蓬松的样子）|幽冥眼（闭眼的样子）|幽冥眼（睁眼的样子）|千棘盔（本来的样子）|千棘盔（磨损的样子）|嘟嘟锅|化蝶（喵喵的样子）|化蝶（平常的样子）|化蝶（奇丽花的样子）|化蝶（幽冥眼的样子）|幽影树|多彩方方|机械方方|立方人|蹦蹦花（彩玉球形态）|蹦蹦花（短毛球形态）|蹦蹦花（海神球形态）|蹦蹦花（象牙球形态）|花衣蝶|梦悠悠（穿旧睡衣的样子）|魔草巫灵|兽花蕾|朔夜伊芙|奇丽花|锤头鹳|仪式巨像|雪灵|权杖-II|权杖-V|尖嘴狐仙|雪影娃娃|巨灵石|展开全部 69 只精灵
械斗,机械,物理,1,55,造成物伤，本技能位于1号位时，威力+60。传动1。,权|权杖-Ⅴ|岚鸟（本来的样子）|岚鸟（春天的样子）|岚鸟（秋天的样子）|岚鸟（夏天的样子）|卡瓦重（草地附近的样子）|卡瓦重（沙地附近的样子）|卡瓦重（雪山附近的样子）|记忆石|多彩方方|机械方方|立方人|瞌睡王|巨噬针鼹|叮叮恶魔|魔眷鸟|布克棱岩|罗隐|恶魔狼|咔咔鸟|遁地鼠（储水期的样子）|遁地鼠（枯水期的样子）|翼龙|影狸|雪巨人|獠牙猪|权杖-II|权杖-V|炽心勇狮|爵士鹿|皇家狮鹫（高山地的样子）|皇家狮鹫（崖间地的样子）|嗜波螺|棋齐垒（白子）|棋齐垒（黑子）|圣剑-X|展开全部 55 只精灵
轴承支撑,机械,状态,3,0,主动：本技能被动额外-1能耗，被动：两侧技能能耗-1，传动。,权|权杖-Ⅴ|嘟嘟锅|多彩方方|机械方方|立方人|权杖-II|权杖-V|声波缇塔|缇塔|圣剑-X|圣剑骑士|圣剑侍从|噼啪鸟|螺旋帕帕|帕帕斯卡|波多西|多西|库多西|贝古斯
主轴,机械,物理,2,75,造成物伤，此技能位置不会改变。,声波缇塔|缇塔|圆号鱼|棋骑士（白子）|棋骑士（黑子）|圣剑-X|圣剑骑士|圣剑侍从|迷迷箱怪|小箱怪|冰钻布鲁斯|火焰猿
超维投射,幻,状态,4,0,敌方获得4层星陨。,权|权杖-Ⅴ|魔力猫|火神|鸭吉吉（紧实的样子）|鸭吉吉（蓬松的样子）|红绒十字|晶石蜗（蓝锥矿的样子）|幽冥眼（闭眼的样子）|幽冥眼（睁眼的样子）|千棘盔（本来的样子）|千棘盔（磨损的样子）|嘟嘟锅|化蝶（喵喵的样子）|化蝶（平常的样子）|化蝶（奇丽花的样子）|化蝶（幽冥眼的样子）|幽影树|立方人|蹦蹦花（彩玉球形态）|蹦蹦花（短毛球形态）|蹦蹦花（海神球形态）|蹦蹦花（象牙球形态）|花衣蝶|梦悠悠（穿旧睡衣的样子）|绿草精灵|魔草巫灵|朔夜伊芙|奇丽花|锤头鹳|花影羚羊|仪式巨像|雪灵|尖嘴狐仙|雪影娃娃|巨灵石|游蛇魔使|展开全部 63 只精灵
超新星馈赠,幻,状态,2,0,敌方获得2层星陨，每使用1次，赋予的星陨层数+1。,祭礼巨像|仪使者|仪式巨像|仪式之星|牵线木偶|帅帅魔偶|粉耳星兔|粉星仔|布瓜蝌|上岸蛙
错乱,幻,魔法,2,60,造成魔伤，应对状态：敌方获得3层星陨。,怖哭菇|怖须菇|哭哭菇|迷迷箱怪|小箱怪|画间法师手|画精灵|画像守护|古卷执政官|书卷守护|书魔虫|暮星辰|曜星光|幽星光
大爆炸,幻,魔法,3,100,对敌方精灵造成魔法伤害。,晶石蜗（蓝锥矿的样子）|记忆石|牵线木偶|帅帅魔偶|风滚暮虫（金黄的样子）|风滚暮虫（枯叶的样子）|里拉鳐|伊兰亚龙|粉耳星兔|粉星仔|落陨星兔|粉粉星|小皮球|画间法师手|画精灵|画像守护|古卷匣魔像|古卷执政官|暮星辰|曜星光|幽星光
多维击打,幻,魔法,4,20,造成魔伤，1连击，敌方每有1层星陨，本次技能连击数+1。,水灵|魔草巫灵|仪式巨像|怖哭菇|怖须菇|哭哭菇|尖嘴狐仙|夜枭|粉耳星兔|粉星仔|落陨星兔|画间法师手
二律背反,幻,状态,3,0,敌方获得3层星陨，应对防御：额外使敌方星陨层数翻倍。,花衣蝶|魔草巫灵|仪式巨像|牵线木偶|帅帅魔偶|雪灵|尖嘴狐仙|雪影娃娃|里拉鳐|粉耳星兔|粉星仔|落陨星兔|小皮球|暮星辰|曜星光|幽星光|贝古斯|布瓜蝌|上岸蛙
空间压迫,幻,物理,3,70,造成物伤，敌方获得1层星陨。,晶石蜗（蓝锥矿的样子）|仪式巨像|画间沉铁兽|古卷执政官|书卷守护|书魔虫|月牙雪熊|布瓜蝌|上岸蛙
粒子对撞,幻,物理,0,40,对敌方精灵造成物理伤害。,雪灵|伊兰亚龙|迷迷箱怪|小箱怪|陨星虫|古卷匣魔像|古卷执政官|书卷守护|书魔虫|疾光千兽|月牙雪熊|布瓜蝌|上岸蛙
冥想,幻,状态,3,0,减伤70%，应对攻击：敌方获得2层星陨。,水灵|水泡壳（本来的样子）|水泡壳（蜕皮时的样子）|幻影灵菇|晶石蜗（火山琉璃的样子）|晶石蜗（蓝锥矿的样子）|晶石蜗（莲花刚玉的样子）|晶石蜗（烧蓝黄金的样子）|晶石蜗（西瓜碧玺的样子）|晶石蜗（星彩榴石的样子）|卷胡巨獭|蹦床松鼠|电球咩咩|伊贝粉粉|石冠王蜥（本来的样子）|石冠王蜥（球球尾巴的样子）|翠顶夫人|黑羽夫人|布克棱岩|古啦多|怖哭菇|怖须菇|哭哭菇|雪巨人|炽心勇狮|闪电鳗鱼|琉璃水母|海豹船长|抹茶布丁|熔岩布丁|椰浆布丁|嗜波螺|棋齐垒（白子）|棋齐垒（黑子）|鳗尾兽|波多西|展开全部 48 只精灵
念力膨胀,幻,物理,2,80,对敌方精灵造成物理伤害。,迪莫|圣光迪莫|音速犬|魔草巫灵|兽花蕾|仪式巨像|怖哭菇|里拉鳐|深蓝鲸|迷迷箱怪|粉耳星兔|落陨星兔|黑猫巫师|小皮球|画间法师手|古卷执政官|疾光千兽|圣羽翼王|卡洛儿|月牙雪熊|上岸蛙
双星,幻,物理,3,100,对敌方精灵造成物理伤害。,记忆石|花衣蝶|尖嘴狐仙|雪影娃娃|圣代甜甜（蓝莓草莓口味）|圣代甜甜（蓝莓抹茶口味）|圣代甜甜（蓝莓巧克力口味）|圣代甜甜（杨桃草莓口味）|圣代甜甜（杨桃抹茶口味）|圣代甜甜（杨桃巧克力口味）|圣代甜甜（樱桃草莓口味）|圣代甜甜（樱桃抹茶口味）|圣代甜甜（樱桃巧克力口味）|迷迷箱怪|小箱怪|月牙雪熊|布瓜蝌|上岸蛙
四维降解,幻,魔法,7,100,造成魔伤，敌方每有1层印记，本技能能耗-1。,花衣蝶|仪式巨像|怖哭菇|怖须菇|哭哭菇|雪灵|迷迷箱怪|贝古斯
坍缩,幻,魔法,3,85,造成魔伤，若击败敌方，自己获得魔攻+50%。,迪莫|绿草精灵|魔草巫灵|祭礼巨像|仪使者|仪式巨像|仪式之星|牵线木偶|帅帅魔偶|雪影娃娃|圣代甜甜（蓝莓草莓口味）|圣代甜甜（蓝莓抹茶口味）|圣代甜甜（蓝莓巧克力口味）|圣代甜甜（杨桃草莓口味）|圣代甜甜（杨桃抹茶口味）|圣代甜甜（杨桃巧克力口味）|圣代甜甜（樱桃草莓口味）|圣代甜甜（樱桃抹茶口味）|圣代甜甜（樱桃巧克力口味）|伊兰亚龙|粉耳星兔|粉星仔|落陨星兔|小皮球|陨星虫|古卷执政官|暮星辰|曜星光|幽星光
偷师,幻,物理,0,30,造成物伤，自己回复1能量。,祭礼巨像|仪使者|仪式巨像|仪式之星|牵线木偶|帅帅魔偶|怖哭菇|怖须菇|哭哭菇|布瓜蝌|上岸蛙
心灵洞悉,幻,状态,7,0,敌方获得星陨，获得层数等于敌方印记层数。,绿草精灵|魔草巫灵|仪式巨像|怖哭菇|粉耳星兔|粉星仔|落陨星兔|小皮球|画间法师手|布瓜蝌|上岸蛙
星轨裂变,幻,状态,1,0,敌方获得2层星陨。,花衣蝶|魔草巫灵|祭礼巨像|仪使者|仪式巨像|仪式之星|雪灵|尖嘴狐仙|雪影娃娃|里拉鳐|伊兰亚龙|粉耳星兔|粉星仔|落陨星兔|粉粉星|小皮球|画间沉铁兽|画间法师手|画精灵|画像守护|疾光千兽|贝古斯|布瓜蝌|上岸蛙
星链,幻,状态,3,0,2连击，每次连击使敌方获得1层星陨。,怖哭菇|怖须菇|哭哭菇|迷迷箱怪|小箱怪|月牙雪熊
针状物,幻,魔法,3,30,造成魔伤，3连击。,利灯鱼|绿草精灵|魔草巫灵|彩蝶鲨|白金独角兽|风滚暮虫（金黄的样子）|风滚暮虫（枯叶的样子）|菊花梨|怖哭菇|怖须菇|哭哭菇|圣代甜甜（蓝莓草莓口味）|圣代甜甜（蓝莓抹茶口味）|圣代甜甜（蓝莓巧克力口味）|圣代甜甜（杨桃草莓口味）|圣代甜甜（杨桃抹茶口味）|圣代甜甜（杨桃巧克力口味）|圣代甜甜（樱桃草莓口味）|圣代甜甜（樱桃抹茶口味）|圣代甜甜（樱桃巧克力口味）|海枝枝（碧蓝珊瑚）|海枝枝（翠绿纶布）|海枝枝（杏黄百合）|海枝枝（洋红沙丁）|伊兰亚龙|迷迷箱怪|小箱怪|格兰球|粉粉星|小皮球|画间法师手|画精灵|画像守护|暮星辰|曜星光|幽星光
星云漩涡,幻,物理,1,60,对敌方精灵造成物理伤害。,迪莫|岚鸟（本来的样子）|岚鸟（春天的样子）|岚鸟（秋天的样子）|岚鸟（夏天的样子）|芋香巨角蛛|卡瓦重（草地附近的样子）|卡瓦重（沙地附近的样子）|卡瓦重（雪山附近的样子）|记忆石|蒲公英娃娃|瞌睡王|巨噬针鼹|星光狮（星光能量的样子）|星光狮（月光能量的样子）|花魁蜂后|叮叮恶魔|魔眷鸟|罗隐|恶魔狼|咔咔鸟|遁地鼠（储水期的样子）|遁地鼠（枯水期的样子）|翼龙|影狸|怖哭菇|怖须菇|哭哭菇|獠牙猪|针叶巡林|龙鱼|声波缇塔|爵士鹿|荆棘电环|窃光蚊|斑枭|展开全部 66 只精灵
