编号,名字,阶段,属性,形态分类,形态,是否有异色,身高范围,体重范围,进化链,进化等级,进化条件,图片文件名
NO.001,迪莫,最终形态,光,原始形态,原始形态,否,0.54~0.78M,5.5~7KG,迪莫,,无法进化,NO001_迪莫.png
NO.002,喵喵,Ⅰ阶,草,原始形态,原始形态,否,0.53~0.75M,3.62~4.6KG,喵喵 → 喵呜 → 魔力猫,"16,32",,NO002_喵喵.png
NO.003,喵呜,Ⅱ阶,草,原始形态,原始形态,否,0.65~0.92M,14.2~15.6KG,喵喵 → 喵呜 → 魔力猫,"16,32",,NO003_喵呜.png
NO.004,魔力猫,最终形态,草,原始形态,原始形态,否,1.5~2.15M,105~125KG,喵喵 → 喵呜 → 魔力猫,"16,32",,NO004_魔力猫.png
NO.005,火花,Ⅰ阶,火,原始形态,原始形态,否,0.53~0.71M,7.6~8.5KG,火花 → 焰火 → 火神,"16,36",,NO005_火花.png
NO.006,焰火,Ⅱ阶,火,原始形态,原始形态,否,0.82~1.1M,21~30.7KG,火花 → 焰火 → 火神,"16,36",,NO006_焰火.png
NO.007,火神,最终形态,火,原始形态,原始形态,否,1.52~2.18M,90.5~110KG,火花 → 焰火 → 火神,"16,36",,NO007_火神.png
NO.008,水蓝蓝,Ⅰ阶,水,原始形态,原始形态,否,0.45~0.65M,2.85~4.205KG,水蓝蓝 → 波波拉 → 水灵,"16,36",,NO008_水蓝蓝.png
NO.009,波波拉,Ⅱ阶,水,原始形态,原始形态,否,0.72~1.03M,29.5~34KG,水蓝蓝 → 波波拉 → 水灵,"16,36",,NO009_波波拉.png
NO.010,水灵,最终形态,水,原始形态,原始形态,否,1.08~1.54M,77~85.5KG,水蓝蓝 → 波波拉 → 水灵,"16,36",,NO010_水灵.png
NO.011,鸭吉吉,最终形态,普通,原始形态,原始形态,否,0.69~0.98M,14.3~18.2KG,,,,NO011_鸭吉吉.png
NO.011,鸭吉吉,最终形态,普通,原始形态,原始形态,否,0.69~0.98M,14.3~18.2KG,,,,NO011_鸭吉吉.png
NO.011,鸭吉吉,最终形态,普通,原始形态,原始形态,否,0.69~0.98M,14.3~18.2KG,,,,NO011_鸭吉吉.png
NO.011,鸭吉吉,最终形态,普通,原始形态,原始形态,否,0.69~0.98M,14.3~18.2KG,,,,NO011_鸭吉吉.png
NO.011,鸭吉吉,最终形态,普通,原始形态,原始形态,,0.69~0.98M,14.3~18.2KG,,,,NO011_鸭吉吉.png
NO.011,鸭吉吉,最终形态,普通,原始形态,原始形态,否,0.69~0.98M,14.3~18.2KG,,,,NO011_鸭吉吉.png
NO.012,板板壳,Ⅰ阶,水,原始形态,原始形态,否,0.53~0.76M,6.8~9.5KG,板板壳（蜕皮时的样子） → 咔咔壳（蜕皮时的样子） → 水泡壳（蜕皮时的样子）,"16,36",,NO012_板板壳.png
NO.013,咔咔壳,Ⅱ阶,水,原始形态,原始形态,否,0.65~0.92M,17.5~22.5KG,板板壳（蜕皮时的样子） → 咔咔壳（蜕皮时的样子） → 水泡壳（蜕皮时的样子）,"16,36",,NO013_咔咔壳.png
NO.014,水泡壳,最终形态,水,原始形态,原始形态,否,1.23~1.75M,79.5~90.5KG,板板壳（蜕皮时的样子） → 咔咔壳（蜕皮时的样子） → 水泡壳（蜕皮时的样子）,"16,36",,NO014_水泡壳.png
NO.015,锥尾羊,Ⅰ阶,幽,原始形态,原始形态,否,0.57~0.81M,13.3~16.5KG,锥尾羊 → 铃兰羊 → 花影羚羊,"20,32",,NO015_锥尾羊.png
NO.016,铃兰羊,Ⅱ阶,幽,原始形态,原始形态,否,0.7~1.01M,29~36KG,锥尾羊 → 铃兰羊 → 花影羚羊,"20,32",,NO016_铃兰羊.png
NO.017,花影羚羊,最终形态,"幽, 恶",原始形态,原始形态,否,1.42~1.92M,76.9~98KG,锥尾羊 → 铃兰羊 → 花影羚羊,"20,32",,NO017_花影羚羊.png
NO.018,雪绒鸟,Ⅰ阶,翼,原始形态,原始形态,否,0.38~0.51M,2.77~4.5KG,雪绒鸟（秋天的样子） → 冬羽雀（秋天的样子） → 岚鸟（秋天的样子）,30,,NO018_雪绒鸟.png
NO.019,冬羽雀,Ⅱ阶,翼,原始形态,原始形态,否,0.62~0.71M,8.92~12.7KG,雪绒鸟（秋天的样子） → 冬羽雀（秋天的样子） → 岚鸟（秋天的样子）,30,,NO019_冬羽雀.png
NO.020,岚鸟,最终形态,翼,原始形态,原始形态,否,1.43~2.04M,27.08~32.7KG,雪绒鸟（秋天的样子） → 冬羽雀（秋天的样子） → 岚鸟（秋天的样子）,30,,NO020_岚鸟.png
NO.021,小灵菇,Ⅰ阶,幽,原始形态,原始形态,否,0.43~0.61M,5.4~7.1KG,小灵菇 → 幻灵菇 → 幻影灵菇,"20,32",,NO021_小灵菇.png
NO.022,幻灵菇,Ⅱ阶,"幽, 草",原始形态,原始形态,否,0.64~0.92M,13.2~16.5KG,小灵菇 → 幻灵菇 → 幻影灵菇,"20,32",,NO022_幻灵菇.png
NO.023,幻影灵菇,最终形态,"幽, 草",原始形态,原始形态,否,0.92~1.32M,39.4~48.4KG,小灵菇 → 幻灵菇 → 幻影灵菇,"20,32",,NO023_幻影灵菇.png
NO.024,石肤蜥,Ⅰ阶,地,原始形态,原始形态,否,0.49~0.7M,19.5~32.5KG,石肤蜥（球球尾巴的样子） → 石刺蜥（球球尾巴的样子） → 石冠王蜥（球球尾巴的样子）,"32,48",,NO024_石肤蜥.png
NO.025,石刺蜥,Ⅱ阶,地,原始形态,原始形态,否,0.67~0.96M,56.5~68.5KG,石肤蜥（球球尾巴的样子） → 石刺蜥（球球尾巴的样子） → 石冠王蜥（球球尾巴的样子）,"32,48",,NO025_石刺蜥.png
NO.026,石冠王蜥,最终形态,地,原始形态,原始形态,否,0.94~1.18M,76.5~95.5KG,石肤蜥（球球尾巴的样子） → 石刺蜥（球球尾巴的样子） → 石冠王蜥（球球尾巴的样子）,"32,48",,NO026_石冠王蜥.png
NO.027,布是石,Ⅰ阶,地,原始形态,原始形态,否,0.42~0.6M,18.5~32.5KG,布是石 → 布是岩 → 布克棱岩,"16,32",,NO027_布是石.png
NO.028,布是岩,Ⅱ阶,地,原始形态,原始形态,否,0.93~1.34M,97.5~115KG,布是石 → 布是岩 → 布克棱岩,"16,32",,NO028_布是岩.png
NO.029,布克棱岩,最终形态,地,原始形态,原始形态,否,1.75~2.5M,287~315KG,布是石 → 布是岩 → 布克棱岩,"16,32",,NO029_布克棱岩.png
NO.030,恶魔叮,Ⅰ阶,"恶, 翼",原始形态,原始形态,否,0.39~0.56M,3.6~5.2KG,恶魔叮 → 叮叮恶魔,40,,NO030_恶魔叮.png
NO.031,叮叮恶魔,最终形态,"恶, 翼",原始形态,原始形态,否,0.78~1.12M,25~34KG,恶魔叮 → 叮叮恶魔,40,,NO031_叮叮恶魔.png
NO.032,毛毛,Ⅰ阶,"虫, 萌",原始形态,原始形态,否,0.31~0.45M,3~4.5KG,毛毛 → 爬爬 → 化蝶（平常的样子）,"20,35",,NO032_毛毛.png
NO.033,爬爬,Ⅱ阶,"虫, 萌",原始形态,原始形态,否,0.35~0.51M,5.5~8.4KG,毛毛 → 爬爬 → 化蝶（平常的样子）,"20,35",,NO033_爬爬.png
NO.034,化蝶,最终形态,"虫, 萌",原始形态,原始形态,否,0.76~1.08M,15.6~17.8KG,毛毛 → 爬爬 → 化蝶（奇丽花的样子）,"20,35",,NO034_化蝶.png
NO.035,幽影树,最终形态,"幽, 草",原始形态,原始形态,否,0.64~0.92M,29.5~37.5KG,幽影树,,,NO035_幽影树.png
NO.036,小鼠獭,Ⅰ阶,"普通, 水",原始形态,原始形态,否,0.37~0.53M,6.7~7.5KG,小鼠獭 → 燕尾獭 → 卷胡巨獭,"30,48",,NO036_小鼠獭.png
NO.037,燕尾獭,Ⅱ阶,"普通, 水",原始形态,原始形态,否,0.61~0.88M,28.6~31.5KG,小鼠獭 → 燕尾獭 → 卷胡巨獭,"30,48",,NO037_燕尾獭.png
NO.038,卷胡巨獭,最终形态,"普通, 水",原始形态,原始形态,否,0.76~1.08M,76.5~90KG,小鼠獭 → 燕尾獭 → 卷胡巨獭,"30,48",,NO038_卷胡巨獭.png
NO.039,矿晶虫,Ⅰ阶,"光, 地",原始形态,原始形态,否,0.54~0.77M,5.8~10.53KG,矿晶虫 → 晶石蜗（西瓜碧玺的样子）,40,,NO039_矿晶虫.png
NO.040,晶石蜗,最终形态,"光, 地",原始形态,原始形态,否,1.03~1.35M,59.1~71.05KG,矿晶虫 → 晶石蜗（烧蓝黄金的样子）,40,撞击任意三种矿石各三次,NO040_晶石蜗.png
NO.041,奇丽草,Ⅰ阶,草,原始形态,原始形态,是,0.38~0.55M,4.1~5.7KG,奇丽草 → 奇丽叶 → 奇丽花,"16,32",,NO041_奇丽草.png
NO.042,奇丽叶,Ⅱ阶,草,原始形态,原始形态,是,0.62~0.89M,24~31KG,奇丽草 → 奇丽叶 → 奇丽花,"16,32",,NO042_奇丽叶.png
NO.043,奇丽花,最终形态,草,原始形态,原始形态,是,1.11~1.58M,42~58KG,奇丽草 → 奇丽叶 → 奇丽花,"16,32",,NO043_奇丽花.png
NO.044,丢丢,Ⅰ阶,草,原始形态,原始形态,否,,,丢丢（火山附近的样子） → 卡卡虫（火山附近的样子） → 卡瓦重（火山附近的样子）,"16,36",,NO044_丢丢.png
NO.045,卡卡虫,Ⅱ阶,草,原始形态,原始形态,否,,,丢丢（火山附近的样子） → 卡卡虫（火山附近的样子） → 卡瓦重（火山附近的样子）,"16,36",,NO045_卡卡虫.png
NO.046,卡瓦重,最终形态,草,原始形态,原始形态,否,,,丢丢（火山附近的样子） → 卡卡虫（火山附近的样子） → 卡瓦重（火山附近的样子）,"16,36",,NO046_卡瓦重.png
NO.047,护主犬,Ⅰ阶,火,原始形态,原始形态,是,0.64~0.92M,13.6~17.5KG,护主犬 → 音速犬,26,,NO047_护主犬.png
NO.048,音速犬,最终形态,火,原始形态,原始形态,是,1.13~1.62M,39.5~51.5KG,护主犬 → 音速犬,26,,NO048_音速犬.png
NO.049,绿耳松鼠,Ⅰ阶,普通,原始形态,原始形态,否,0.47~0.68M,3.5~6KG,绿耳松鼠 → 抱枕松鼠 → 蹦床松鼠,"32,46",,NO049_绿耳松鼠.png
NO.050,抱枕松鼠,Ⅱ阶,普通,原始形态,原始形态,否,0.6~0.84M,21.05~27.08KG,绿耳松鼠 → 抱枕松鼠 → 蹦床松鼠,"32,46",,NO050_抱枕松鼠.png
NO.051,蹦床松鼠,最终形态,普通,原始形态,原始形态,否,0.78~1.12M,47.5~68.4KG,绿耳松鼠 → 抱枕松鼠 → 蹦床松鼠,"32,46",,NO051_蹦床松鼠.png
NO.052,嘟嘟煲,Ⅰ阶,毒,原始形态,原始形态,否,0.65~0.8M,48.5~56KG,嘟嘟煲 → 嘟嘟锅,38,,NO052_嘟嘟煲.png
NO.053,嘟嘟锅,最终形态,毒,原始形态,原始形态,否,0.64~0.91M,67.9~89.2KG,嘟嘟煲 → 嘟嘟锅,38,,NO053_嘟嘟锅.png
NO.054,小灵面,Ⅰ阶,幽,原始形态,原始形态,否,0.38~0.55M,0.1~0.55KG,小灵面 → 暗影灵面（睁眼的样子） → 幽冥眼（睁眼的样子）,"20,32",,NO054_小灵面.png
NO.055,暗影灵面,Ⅱ阶,幽,原始形态,原始形态,否,0.75~0.86M,0.12~1.16KG,小灵面 → 暗影灵面（闭眼的样子） → 幽冥眼（闭眼的样子）,"20,32",时间为中午进化,NO055_暗影灵面.png
NO.056,幽冥眼,最终形态,幽,原始形态,原始形态,否,1.55~1.65M,1.5~2.86KG,小灵面 → 暗影灵面（闭眼的样子） → 幽冥眼（闭眼的样子）,"20,32",时间为中午进化,NO056_幽冥眼.png
NO.057,梦游,Ⅰ阶,幽,原始形态,原始形态,否,,,梦游（穿星星睡衣的样子） → 梦悠悠（穿星星睡衣的样子）,32,,NO057_梦游.png
NO.058,梦悠悠,最终形态,幽,原始形态,原始形态,否,,,梦游（穿星星睡衣的样子） → 梦悠悠（穿星星睡衣的样子）,32,,NO058_梦悠悠.png
NO.059,兽花蕾,最终形态,"光, 草",原始形态,原始形态,否,0.38~0.45M,4.25~6.5KG,兽花蕾,,,NO059_兽花蕾.png
NO.060,伏地兽,Ⅰ阶,普通,原始形态,原始形态,否,0.52~0.74M,12.4~15.8KG,伏地兽 → 贪食鼹 → 巨噬针鼹,"20,32",,NO060_伏地兽.png
NO.061,贪食鼹,Ⅱ阶,普通,原始形态,原始形态,否,0.84~1.21M,21.6~35.84KG,伏地兽 → 贪食鼹 → 巨噬针鼹,"20,32",击败三只虫系精灵进化,NO061_贪食鼹.png
NO.062,巨噬针鼹,最终形态,普通,原始形态,原始形态,否,1.52~1.79M,87.3~105KG,伏地兽 → 贪食鼹 → 巨噬针鼹,"20,32",击败三只虫系精灵进化,NO062_巨噬针鼹.png
NO.063,蹦蹦种子,Ⅰ阶,"草, 毒",原始形态,原始形态,否,0.46~0.67M,4.3~5.6KG,蹦蹦种子（象牙球形态） → 蹦蹦草（象牙球形态） → 蹦蹦花（象牙球形态）,"16,32",,NO063_蹦蹦种子.png
NO.064,蹦蹦草,Ⅱ阶,"草, 毒",原始形态,原始形态,否,0.59~0.85M,34.3~42.9KG,蹦蹦种子（象牙球形态） → 蹦蹦草（象牙球形态） → 蹦蹦花（象牙球形态）,"16,32",,NO064_蹦蹦草.png
NO.065,蹦蹦花,最终形态,"草, 毒",原始形态,原始形态,否,1.33~1.9M,75~86KG,蹦蹦种子（象牙球形态） → 蹦蹦草（象牙球形态） → 蹦蹦花（象牙球形态）,"16,32",,NO065_蹦蹦花.png
NO.066,电咩咩,Ⅰ阶,电,原始形态,原始形态,否,0.58~0.83M,7.17~9.1KG,电咩咩 → 粉咩咩 → 电球咩咩,"30,42",,NO066_电咩咩.png
NO.067,粉咩咩,Ⅱ阶,电,原始形态,原始形态,否,0.8~1.14M,15.3~18.6KG,电咩咩 → 粉咩咩 → 电球咩咩,"30,42",,NO067_粉咩咩.png
NO.068,电球咩咩,最终形态,电,原始形态,原始形态,否,1.13~1.62M,48.6~58KG,电咩咩 → 粉咩咩 → 电球咩咩,"30,42",,NO068_电球咩咩.png
NO.069,蒲公英,Ⅰ阶,"草, 萌",原始形态,原始形态,否,0.3~0.5M,0.1~0.6KG,蒲公英 → 蒲公英娃娃,26,,NO069_蒲公英.png
NO.070,蒲公英娃娃,最终形态,"草, 萌",原始形态,原始形态,否,0.7~1M,0.3~1.35KG,蒲公英 → 蒲公英娃娃,26,,NO070_蒲公英娃娃.png
NO.071,伊贝儿,Ⅰ阶,草,原始形态,原始形态,否,0.44~0.62M,3.3~4.2KG,伊贝儿 → 伊贝粉粉,28,,NO071_伊贝儿.png
NO.072,伊贝粉粉,最终形态,草,原始形态,原始形态,否,1.03~1.47M,9.3~12.5KG,伊贝儿 → 伊贝粉粉,28,,NO072_伊贝粉粉.png
NO.073,白发懒人,Ⅰ阶,普通,原始形态,原始形态,否,0.72~1.03M,19.5~23.5KG,白发懒人 → 动力猿 → 瞌睡王,"18,36",,NO073_白发懒人.png
NO.074,动力猿,Ⅱ阶,"普通, 武",原始形态,原始形态,否,1.2~1.71M,46.5~63.5KG,白发懒人 → 动力猿 → 瞌睡王,"18,36",,NO074_动力猿.png
NO.075,瞌睡王,最终形态,"普通, 武",原始形态,原始形态,否,1.61~2.31M,124.5~136.5KG,白发懒人 → 动力猿 → 瞌睡王,"18,36",,NO075_瞌睡王.png
NO.076,海盔虫,Ⅰ阶,"水, 毒",原始形态,原始形态,否,0.55~0.7M,7.4~8.6KG,海盔虫（磨损的样子） → 刺盔虫（磨损的样子） → 千棘盔（磨损的样子）,"26,42",,NO076_海盔虫.png
NO.077,刺盔虫,Ⅱ阶,"水, 毒",原始形态,原始形态,否,0.83~1.19M,22.5~29.8KG,海盔虫（磨损的样子） → 刺盔虫（磨损的样子） → 千棘盔（磨损的样子）,"26,42",,NO077_刺盔虫.png
NO.078,千棘盔,最终形态,"水, 毒",原始形态,原始形态,否,1.11~1.33M,98.6~115KG,海盔虫（磨损的样子） → 刺盔虫（磨损的样子） → 千棘盔（磨损的样子）,"26,42",,NO078_千棘盔.png
NO.079,菊花梨,最终形态,萌,原始形态,原始形态,否,0.63~0.9M,4.2~5.8KG,菊花梨,,,NO079_菊花梨.png
NO.080,小星光,Ⅰ阶,电,原始形态,原始形态,否,0.78~1.12M,27.5~36.2KG,小星光（月光能量的样子） → 星光狮（月光能量的样子）,38,,NO080_小星光.png
NO.081,星光狮,最终形态,电,原始形态,原始形态,否,1.08~1.54M,49.5~58.1KG,小星光（月光能量的样子） → 星光狮（月光能量的样子）,38,,NO081_星光狮.png
NO.082,一窝蜂,Ⅰ阶,"虫, 翼",原始形态,原始形态,否,0.37~0.52M,4~5.5KG,一窝蜂 → 黄蜂后 → 花魁蜂后,"21,38",,NO082_一窝蜂.png
NO.083,黄蜂后,Ⅱ阶,"虫, 翼",原始形态,原始形态,否,0.81~1.16M,31.7~39.21KG,一窝蜂 → 黄蜂后 → 花魁蜂后,"21,38",,NO083_黄蜂后.png
NO.084,花魁蜂后,最终形态,"虫, 翼",原始形态,原始形态,否,0.83~1.19M,61.5~78.4KG,一窝蜂 → 黄蜂后 → 花魁蜂后,"21,38",,NO084_花魁蜂后.png
NO.085,小夜,Ⅰ阶,恶,原始形态,原始形态,否,0.51~0.73M,4.5~7.6KG,小夜 → 紫夜 → 朔夜伊芙,"26,44",,NO085_小夜.png
NO.086,紫夜,Ⅱ阶,恶,原始形态,原始形态,否,0.72~1.03M,17.6~22.5KG,小夜 → 紫夜 → 朔夜伊芙,"26,44",,NO086_紫夜.png
NO.087,朔夜伊芙,最终形态,恶,原始形态,原始形态,否,1.06~1.51M,46.2~57.5KG,小夜 → 紫夜 → 朔夜伊芙,"26,44",,NO087_朔夜伊芙.png
NO.088,乖乖鹄,Ⅰ阶,"翼, 水",原始形态,原始形态,否,0.46~0.67M,4.2~5.5KG,乖乖鹄 → 蓝珠天鹅 → 翠顶夫人,"20,40",,NO088_乖乖鹄.png
NO.089,蓝珠天鹅,Ⅱ阶,"翼, 水",原始形态,原始形态,否,0.88~1.03M,14.08~18.1KG,乖乖鹄 → 蓝珠天鹅 → 翠顶夫人,"20,40",,NO089_蓝珠天鹅.png
NO.090,翠顶夫人,最终形态,"翼, 水",原始形态,原始形态,否,1.2~1.34M,19.05~25.04KG,乖乖鹄 → 蓝珠天鹅 → 翠顶夫人,"20,40",,NO090_翠顶夫人.png
NO.091,黑羽夫人,最终形态,"翼, 恶",原始形态,原始形态,否,1.25~1.4M,20.5~28.06KG,乖乖鹄 → 蓝珠天鹅 → 黑羽夫人,"20,40",血脉为恶系血脉进化,NO091_黑羽夫人.png
NO.092,锤头鹳,最终形态,"翼, 水",原始形态,原始形态,否,1.09~1.56M,51.3~65.8KG,锤头鹳,,,NO092_锤头鹳.png
NO.093,绿草精灵,Ⅰ阶,"草, 幻",原始形态,原始形态,否,0.71~1.01M,9.3~10.3KG,绿草精灵 → 魔草巫灵,32,,NO093_绿草精灵.png
NO.094,魔草巫灵,最终形态,"草, 幻",原始形态,原始形态,否,0.74~1.05M,29~34KG,绿草精灵 → 魔草巫灵,32,,NO094_魔草巫灵.png
NO.095,记忆石,最终形态,地,原始形态,原始形态,否,0.97~1.39M,90.2~112KG,记忆石,,,NO095_记忆石.png
NO.096,咔咔羽毛,Ⅰ阶,"翼, 普通",原始形态,原始形态,否,0.62~0.89M,2.62~3.9KG,咔咔羽毛 → 咔咔雀 → 咔咔鸟,"18,36",,NO096_咔咔羽毛.png
NO.097,咔咔雀,Ⅱ阶,"翼, 普通",原始形态,原始形态,否,0.66~0.95M,13.8~18.5KG,咔咔羽毛 → 咔咔雀 → 咔咔鸟,"18,36",,NO097_咔咔雀.png
NO.098,咔咔鸟,最终形态,"翼, 普通",原始形态,原始形态,否,0.7~1M,27.5~33.72KG,咔咔羽毛 → 咔咔雀 → 咔咔鸟,"18,36",,NO098_咔咔鸟.png
NO.099,小草虫,Ⅰ阶,"虫, 草",原始形态,原始形态,否,0.47~0.67M,2.1~3.4KG,小草虫 → 草衣虫 → 花衣蝶,"20,36",,NO099_小草虫.png
NO.100,草衣虫,Ⅱ阶,"虫, 草",原始形态,原始形态,否,0.6~0.87M,7.2~8.6KG,小草虫 → 草衣虫 → 花衣蝶,"20,36",,NO100_草衣虫.png
NO.101,花衣蝶,最终形态,"虫, 草",原始形态,原始形态,否,0.92~1.32M,19.6~23.4KG,小草虫 → 草衣虫 → 花衣蝶,"20,36",,NO101_花衣蝶.png
NO.102,绿翼鸟,Ⅰ阶,"萌, 翼",原始形态,原始形态,否,0.49~0.61M,3.6~4.8KG,绿翼鸟 → 魔翼鸟 → 魔眷鸟,"20,32",,NO102_绿翼鸟.png
NO.103,魔翼鸟,Ⅱ阶,"萌, 翼",原始形态,原始形态,否,0.78~1.12M,8.85~13.8KG,绿翼鸟 → 魔翼鸟 → 魔眷鸟,"20,32",,NO103_魔翼鸟.png
NO.104,魔眷鸟,最终形态,"萌, 翼",原始形态,原始形态,否,0.91~1.31M,19.8~24.5KG,绿翼鸟 → 魔翼鸟 → 魔眷鸟,"20,32",,NO104_魔眷鸟.png
NO.105,阿米亚特,Ⅰ阶,地,原始形态,原始形态,否,0.57~0.79M,38.5~49.2KG,阿米亚特 → 阿米樱 → 罗隐,"30,50",,NO105_阿米亚特.png
NO.106,阿米樱,Ⅱ阶,地,原始形态,原始形态,否,0.78~1.12M,94.2~143KG,阿米亚特 → 阿米樱 → 罗隐,"30,50",,NO106_阿米樱.png
NO.107,罗隐,最终形态,"地, 恶",原始形态,原始形态,否,1.48~2.12M,290~305KG,阿米亚特 → 阿米樱 → 罗隐,"30,50",,NO107_罗隐.png
NO.108,风铃鲨,Ⅰ阶,"水, 翼",原始形态,原始形态,否,0.41~0.59M,13.07~16.8KG,风铃鲨 → 蓝蝶鲨 → 彩蝶鲨,"32,50",,NO108_风铃鲨.png
NO.109,蓝蝶鲨,Ⅱ阶,"水, 翼",原始形态,原始形态,否,0.81~1.16M,34.82~48.6KG,风铃鲨 → 蓝蝶鲨 → 彩蝶鲨,"32,50",,NO109_蓝蝶鲨.png
NO.110,彩蝶鲨,最终形态,"水, 翼",原始形态,原始形态,否,1.18~1.68M,80.5~96.5KG,风铃鲨 → 蓝蝶鲨 → 彩蝶鲨,"32,50",,NO110_彩蝶鲨.png
NO.111,石石,Ⅰ阶,地,原始形态,原始形态,否,0.35~0.5M,61~75KG,石石 → 巨灵石,40,,NO111_石石.png
NO.112,巨灵石,最终形态,"地, 幽",原始形态,原始形态,否,1.95~2.3M,205~240KG,石石 → 巨灵石,40,,NO112_巨灵石.png
NO.113,仪使者,Ⅰ阶,"地, 幻",原始形态,原始形态,否,0.45~0.58M,19.05~35.05KG,仪使者 → 仪式之星 → 仪式巨像,"35,45",,NO113_仪使者.png
NO.114,仪式之星,Ⅱ阶,"地, 幻",原始形态,原始形态,否,0.84~1.21M,72~87.5KG,仪使者 → 仪式之星 → 仪式巨像,"35,45",,NO114_仪式之星.png
NO.115,仪式巨像,最终形态,"地, 幻",原始形态,原始形态,否,1.44~1.79M,198.05~253.07KG,仪使者 → 仪式之星 → 仪式巨像,"35,45",,NO115_仪式巨像.png
NO.116,小独角兽,Ⅰ阶,光,原始形态,原始形态,否,0.98~1.41M,41.5~55.6KG,小独角兽 → 白金独角兽,40,,NO116_小独角兽.png
NO.117,白金独角兽,最终形态,光,原始形态,原始形态,否,1.35~1.93M,94.5~105KG,小独角兽 → 白金独角兽,40,,NO117_白金独角兽.png
NO.118,旋叶虫,Ⅰ阶,"普通, 虫",原始形态,原始形态,否,0.1~0.15M,0.1~0.85KG,旋叶虫（枯叶的样子） → 蓬叶虫（枯叶的样子） → 风滚暮虫（枯叶的样子）,"25,45",,NO118_旋叶虫.png
NO.119,蓬叶虫,Ⅱ阶,"普通, 虫",原始形态,原始形态,否,0.53~0.76M,0.65~1.68KG,旋叶虫（枯叶的样子） → 蓬叶虫（枯叶的样子） → 风滚暮虫（枯叶的样子）,"25,45",,NO119_蓬叶虫.png
NO.120,风滚暮虫,最终形态,"普通, 虫",原始形态,原始形态,否,0.6~0.7M,1.45~3.43KG,旋叶虫（枯叶的样子） → 蓬叶虫（枯叶的样子） → 风滚暮虫（枯叶的样子）,"25,45",,NO120_风滚暮虫.png
NO.121,小黑猫,Ⅰ阶,普通,原始形态,原始形态,否,0.55~0.65M,3.1~4.5KG,小黑猫 → 黑猫巫师,40,,NO121_小黑猫.png
NO.122,黑猫巫师,最终形态,普通,原始形态,原始形态,否,0.85~0.97M,8.1~9.5KG,小黑猫 → 黑猫巫师,40,,NO122_黑猫巫师.png
NO.123,忽幽狸,Ⅰ阶,"幽, 毒",原始形态,原始形态,否,0.76~1.09M,8.3~9.8KG,忽幽狸 → 影狸,36,,NO123_忽幽狸.png
NO.124,影狸,最终形态,"幽, 毒",原始形态,原始形态,否,1.11~1.59M,23.5~37.5KG,忽幽狸 → 影狸,36,,NO124_影狸.png
NO.125,多多,Ⅰ阶,"毒, 地",原始形态,原始形态,否,0.45~0.65M,14.6~18.6KG,多多 → 多啦多 → 古啦多,"16,36",,NO125_多多.png
NO.126,多啦多,Ⅱ阶,"毒, 地",原始形态,原始形态,否,0.58~0.83M,28.5~34.6KG,多多 → 多啦多 → 古啦多,"16,36",,NO126_多啦多.png
NO.127,古啦多,最终形态,"毒, 地",原始形态,原始形态,否,0.69~0.99M,43.5~58.6KG,多多 → 多啦多 → 古啦多,"16,36",,NO127_古啦多.png
NO.128,哭哭菇,Ⅰ阶,幻,原始形态,原始形态,否,0.33~0.47M,1.8~3.2KG,哭哭菇 → 怖须菇 → 怖哭菇,"24,38",,NO128_哭哭菇.png
NO.129,怖须菇,Ⅱ阶,幻,原始形态,原始形态,否,0.69~0.99M,8.72~15.6KG,哭哭菇 → 怖须菇 → 怖哭菇,"24,38",,NO129_怖须菇.png
NO.130,怖哭菇,最终形态,幻,原始形态,原始形态,否,1.23~1.76M,22.5~28.6KG,哭哭菇 → 怖须菇 → 怖哭菇,"24,38",,NO130_怖哭菇.png
NO.131,恶魔狼,最终形态,恶,原始形态,原始形态,是,1.23~1.76M,74~92KG,恶魔狼,,,NO131_恶魔狼.png
NO.132,小电企鹅,Ⅰ阶,"冰, 电",原始形态,原始形态,否,0.44~0.56M,3.82~5.39KG,小电企鹅 → 电企鹅,32,,NO132_小电企鹅.png
NO.133,电企鹅,最终形态,"冰, 电",原始形态,原始形态,否,0.9~1.14M,14.6~26.9KG,小电企鹅 → 电企鹅,32,,NO133_电企鹅.png
NO.134,雪豆丁,Ⅰ阶,冰,原始形态,原始形态,否,0.86~1.23M,9.5~12.5KG,雪豆丁 → 雪蛮人 → 雪巨人,"28,40",,NO134_雪豆丁.png
NO.135,雪蛮人,Ⅱ阶,冰,原始形态,原始形态,否,1.11~1.59M,59~76KG,雪豆丁 → 雪蛮人 → 雪巨人,"28,40",,NO135_雪蛮人.png
NO.136,雪巨人,最终形态,冰,原始形态,原始形态,否,1.61~2.31M,156~187KG,雪豆丁 → 雪蛮人 → 雪巨人,"28,40",,NO136_雪巨人.png
NO.137,呼呼猪,Ⅰ阶,"冰, 地",原始形态,原始形态,是,0.52~0.75M,6.8~8.9KG,呼呼猪 → 獠牙猪,33,,NO137_呼呼猪.png
NO.138,獠牙猪,最终形态,"冰, 地",原始形态,原始形态,是,0.77~1.1M,52.8~67.4KG,呼呼猪 → 獠牙猪,33,,NO138_獠牙猪.png
NO.139,雪娃娃,Ⅰ阶,冰,原始形态,原始形态,否,0.29~0.42M,6.8~8.16KG,雪娃娃 → 冰封怨灵 → 雪灵,"26,42",,NO139_雪娃娃.png
NO.140,冰封怨灵,Ⅱ阶,冰,原始形态,原始形态,否,0.96~1.37M,24.5~31.6KG,雪娃娃 → 冰封怨灵 → 雪灵,"26,42",,NO140_冰封怨灵.png
NO.141,雪灵,最终形态,冰,原始形态,原始形态,否,1.09~1.56M,56.4~68.4KG,雪娃娃 → 冰封怨灵 → 雪灵,"26,42",,NO141_雪灵.png
NO.142,大耳帽兜,Ⅰ阶,"冰, 萌",原始形态,原始形态,是,0.39~0.42M,8.39~10.7KG,大耳帽兜 → 帽兜娃娃 → 雪影娃娃,"32,48",,NO142_大耳帽兜.png
NO.143,帽兜娃娃,Ⅱ阶,"冰, 萌",原始形态,原始形态,是,0.4~0.57M,19.05~26.8KG,大耳帽兜 → 帽兜娃娃 → 雪影娃娃,"32,48",,NO143_帽兜娃娃.png
NO.144,雪影娃娃,最终形态,"冰, 萌",原始形态,原始形态,是,0.64~0.92M,31.8~36.6KG,大耳帽兜 → 帽兜娃娃 → 雪影娃娃,"32,48",,NO144_雪影娃娃.png
NO.145,权杖-Ⅱ,Ⅰ阶,机械,原始形态,原始形态,否,0.45~0.55M,28.5~35.7KG,权杖-Ⅱ → 权杖-Ⅴ,40,,NO145_权杖_Ⅱ.png
NO.146,权杖-Ⅴ,最终形态,机械,原始形态,原始形态,否,0.95~1.05M,98~108KG,权杖-Ⅱ → 权杖-Ⅴ,40,,NO146_权杖_Ⅴ.png
NO.147,灵狐,Ⅰ阶,"火, 冰",原始形态,原始形态,否,0.56~0.8M,7.4~8.9KG,灵狐 → 九尾狐 → 尖嘴狐仙,"30,50",,NO147_灵狐.png
NO.148,九尾狐,Ⅱ阶,"火, 冰",原始形态,原始形态,否,0.77~1.11M,13.08~21.05KG,灵狐 → 九尾狐 → 尖嘴狐仙,"30,50",,NO148_九尾狐.png
NO.149,尖嘴狐仙,最终形态,"火, 冰",原始形态,原始形态,否,1.34~1.92M,69.5~78.5KG,灵狐 → 九尾狐 → 尖嘴狐仙,"30,50",,NO149_尖嘴狐仙.png
NO.150,里奥,Ⅰ阶,翼,原始形态,原始形态,否,0.35~0.45M,4.8~5.9KG,里奥 → 灵羽勇士 → 圣羽翼王,"28,40",,NO150_里奥.png
NO.151,灵羽勇士,Ⅱ阶,翼,原始形态,原始形态,否,0.55~0.65M,11.5~14.2KG,里奥 → 灵羽勇士 → 圣羽翼王,"28,40",成长为1星,NO151_灵羽勇士.png
NO.152,圣羽翼王,最终形态,翼,原始形态,原始形态,否,2.1~2.55M,195~296KG,里奥 → 灵羽勇士 → 圣羽翼王,"28,40",成长为2星,NO152_圣羽翼王.png
NO.153,松仔,Ⅰ阶,"草, 武",原始形态,原始形态,否,0.52~0.68M,6.25~7.85KG,松仔 → 松叶羊 → 针叶巡林,"16,36",,NO153_松仔.png
NO.154,松叶羊,Ⅱ阶,"草, 武",原始形态,原始形态,否,1.08~1.33M,19.09~28.06KG,松仔 → 松叶羊 → 针叶巡林,"16,36",,NO154_松叶羊.png
NO.155,针叶巡林,最终形态,"草, 武",原始形态,原始形态,否,1.86~2.14M,56.8~69.02KG,松仔 → 松叶羊 → 针叶巡林,"16,36",,NO155_针叶巡林.png
NO.156,小勇狮,Ⅰ阶,"火, 武",原始形态,原始形态,否,0.67~0.81M,8.5~12.05KG,小勇狮 → 炽焰狮 → 炽心勇狮,"16,36",,NO156_小勇狮.png
NO.157,炽焰狮,Ⅱ阶,"火, 武",原始形态,原始形态,否,1.12~1.45M,46.02~67.05KG,小勇狮 → 炽焰狮 → 炽心勇狮,"16,36",,NO157_炽焰狮.png
NO.158,炽心勇狮,最终形态,"火, 武",原始形态,原始形态,否,1.78~1.97M,94.7~118.05KG,小勇狮 → 炽焰狮 → 炽心勇狮,"16,36",,NO158_炽心勇狮.png
NO.159,水滴蛇,Ⅰ阶,"水, 武",原始形态,原始形态,否,0.53~0.69M,2.25~4.1KG,水滴蛇 → 水蛇锁 → 游蛇魔使,"16,36",,NO159_水滴蛇.png
NO.160,水蛇锁,Ⅱ阶,"水, 武",原始形态,原始形态,否,0.94~1.2M,18.07~27.05KG,水滴蛇 → 水蛇锁 → 游蛇魔使,"16,36",,NO160_水蛇锁.png
NO.161,游蛇魔使,最终形态,"水, 武",原始形态,原始形态,否,2.15~3M,71.05~86.05KG,水滴蛇 → 水蛇锁 → 游蛇魔使,"16,36",,NO161_游蛇魔使.png
NO.162,公平鸽,最终形态,普通,原始形态,原始形态,否,0.45~0.6M,2.5~3.94KG,公平鸽,,,NO162_公平鸽.png
NO.163,小怂猫,Ⅰ阶,武,原始形态,原始形态,否,,,,,,NO163_小怂猫.png
NO.164,怒目怂猫,最终形态,武,原始形态,原始形态,否,,,,,,NO164_怒目怂猫.png
NO.165,小狮鹫,Ⅰ阶,翼,原始形态,原始形态,否,0.71~1.02M,11.5~17.5KG,小狮鹫（高山地的样子） → 神圣狮鹫（高山地的样子） → 皇家狮鹫（高山地的样子）,"32,46",,NO165_小狮鹫.png
NO.166,神圣狮鹫,Ⅱ阶,翼,原始形态,原始形态,否,1.01~1.44M,49.5~56.8KG,小狮鹫（高山地的样子） → 神圣狮鹫（高山地的样子） → 皇家狮鹫（高山地的样子）,"32,46",,NO166_神圣狮鹫.png
NO.167,皇家狮鹫,最终形态,翼,原始形态,原始形态,否,1.72~2.45M,125~170.5KG,小狮鹫（高山地的样子） → 神圣狮鹫（高山地的样子） → 皇家狮鹫（高山地的样子）,"32,46",,NO167_皇家狮鹫.png
NO.168,圆眼蜘蛛,Ⅰ阶,虫,原始形态,原始形态,否,0.48~0.68M,3.5~5KG,圆眼蜘蛛 → 尖角蜘蛛 → 芋香巨角蛛,"24,40",,NO168_圆眼蜘蛛.png
NO.169,尖角蜘蛛,Ⅱ阶,"虫, 毒",原始形态,原始形态,否,0.68~0.98M,7.75~9.6KG,圆眼蜘蛛 → 尖角蜘蛛 → 芋香巨角蛛,"24,40",,NO169_尖角蜘蛛.png
NO.170,芋香巨角蛛,最终形态,"虫, 毒",原始形态,原始形态,否,0.9~1.29M,31.75~43.6KG,圆眼蜘蛛 → 尖角蜘蛛 → 芋香巨角蛛,"24,40",,NO170_芋香巨角蛛.png
NO.171,波波螺,Ⅰ阶,"地, 水",原始形态,原始形态,否,0.32~0.42M,4.85~5.65KG,,,,NO171_波波螺.png
NO.172,消波螺,Ⅱ阶,"地, 水",原始形态,原始形态,否,0.68~0.82M,46.5~69.9KG,,,,NO172_消波螺.png
NO.173,嗜波螺,最终形态,"地, 水",原始形态,原始形态,否,1.2~1.6M,86.8~113KG,,,,NO173_嗜波螺.png
NO.174,菇菇丁,Ⅰ阶,"地, 草",原始形态,原始形态,否,0.25~0.35M,1.1~2.76KG,菇菇丁 → 多菇丁 → 九幽菇,"36,48",,NO174_菇菇丁.png
NO.175,多菇丁,Ⅱ阶,"地, 草",原始形态,原始形态,否,0.6~0.7M,5.4~6.8KG,菇菇丁 → 多菇丁 → 九幽菇,"36,48",天气为雨天进化,NO175_多菇丁.png
NO.176,九幽菇,最终形态,"地, 草",原始形态,原始形态,否,1.55~1.65M,42~58KG,菇菇丁 → 多菇丁 → 九幽菇,"36,48",天气为雨天进化,NO176_九幽菇.png
NO.177,斑斑,Ⅰ阶,翼,原始形态,原始形态,否,0.47~0.6M,4.79~6.17KG,斑斑 → 斑枭,30,,NO177_斑斑.png
NO.178,斑枭,最终形态,翼,原始形态,原始形态,否,0.68~0.81M,15.9~23.8KG,斑斑 → 斑枭,30,,NO178_斑枭.png
NO.179,草头鸭,Ⅰ阶,草,原始形态,原始形态,否,0.5~0.72M,4.9~6.57KG,草头鸭 → 卷毛鸭,40,,NO179_草头鸭.png
NO.180,卷毛鸭,最终形态,"草, 武",原始形态,原始形态,否,0.9~1.29M,35.8~48.06KG,草头鸭 → 卷毛鸭,40,,NO180_卷毛鸭.png
NO.181,海豹战士,Ⅰ阶,"武, 水",原始形态,原始形态,否,0.64~0.92M,69.5~87.6KG,海豹战士 → 海豹船长,40,,NO181_海豹战士.png
NO.182,海豹船长,最终形态,"武, 水",原始形态,原始形态,否,1.26~1.8M,145~165KG,海豹战士 → 海豹船长,40,,NO182_海豹船长.png
NO.183,号儿鱼,Ⅰ阶,水,原始形态,原始形态,否,0.31~0.42M,3.9~5.25KG,号儿鱼 → 圆号鱼,36,,NO183_号儿鱼.png
NO.184,圆号鱼,最终形态,水,原始形态,原始形态,否,0.79~0.98M,10.9~15.8KG,号儿鱼 → 圆号鱼,36,,NO184_圆号鱼.png
NO.185,甜田螺,Ⅰ阶,"水, 萌",原始形态,原始形态,否,0.41~0.58M,7.5~9.4KG,甜田螺 → 壳乙螺 → 卡洛儿,"32,44",,NO185_甜田螺.png
NO.186,壳乙螺,Ⅱ阶,"水, 萌",原始形态,原始形态,否,0.68~0.97M,11.05~19.04KG,甜田螺 → 壳乙螺 → 卡洛儿,"32,44",,NO186_壳乙螺.png
NO.187,卡洛儿,最终形态,"水, 萌",原始形态,原始形态,否,0.7~1M,21.4~25.6KG,甜田螺 → 壳乙螺 → 卡洛儿,"32,44",,NO187_卡洛儿.png
NO.188,棋棋,Ⅰ阶,"武, 地",原始形态,原始形态,否,0.35~0.47M,10.7~14.5KG,棋棋（黑子） → 棋骑士（黑子）,26,,NO188_棋棋.png
NO.189,棋骑士,最终形态,"武, 地",原始形态,原始形态,否,0.98~1.35M,43.06~60.09KG,棋棋（黑子） → 棋骑士（黑子）,26,击败三次棋骑士（白子）,NO189_棋骑士.png
NO.190,棋齐垒,最终形态,"武, 地",原始形态,原始形态,否,1.45~1.71M,58.01~70.05KG,棋棋（黑子） → 棋齐垒（黑子）,26,击败三次棋齐垒（白子）,NO190_棋齐垒.png
NO.191,棋祈督,最终形态,"武, 地",原始形态,原始形态,否,0.98~1.35M,38.07~47.05KG,棋棋（黑子） → 棋祈督（黑子）,26,击败三次棋祈督（白子）,NO191_棋祈督.png
NO.192,棋绮后,最终形态,"武, 地",原始形态,原始形态,否,1.66~1.81M,30.01~41.02KG,棋棋（黑子） → 棋绮后（黑子）,26,击败三次棋绮后（白子）,NO192_棋绮后.png
NO.193,奔波鼠,Ⅰ阶,地,原始形态,原始形态,否,0.46~0.6M,3.71~6.4KG,奔波鼠 → 流浪鼠,37,,NO193_奔波鼠.png
NO.194,流浪鼠,最终形态,地,原始形态,原始形态,否,0.88~1.23M,59.6~74.3KG,奔波鼠 → 流浪鼠,37,挖矿3次,NO194_流浪鼠.png
NO.195,呆小路,Ⅰ阶,"草, 萌",原始形态,原始形态,否,0.58~0.83M,4.5~5.8KG,呆小路 → 舞动路路 → 白发路路,"26,40",,NO195_呆小路.png
NO.196,舞动路路,Ⅱ阶,"草, 萌",原始形态,原始形态,否,0.69~0.99M,7.4~9.1KG,呆小路 → 舞动路路 → 白发路路,"26,40",,NO196_舞动路路.png
NO.197,白发路路,最终形态,"草, 萌",原始形态,原始形态,否,0.89~1.27M,15.5~21.6KG,呆小路 → 舞动路路 → 白发路路,"26,40",,NO197_白发路路.png
NO.198,逗逗,Ⅰ阶,萌,原始形态,原始形态,否,0.3~0.4M,0.45~1.53KG,逗逗 → 气球猫 → 梦想三三,"20,32",,NO198_逗逗.png
NO.199,气球猫,Ⅱ阶,萌,原始形态,原始形态,否,0.41~0.59M,0.95~2.15KG,逗逗 → 气球猫 → 梦想三三,"20,32",,NO199_气球猫.png
NO.200,梦想三三,最终形态,萌,原始形态,原始形态,否,1.18~1.45M,12.04~19.04KG,逗逗 → 气球猫 → 梦想三三,"20,32",,NO200_梦想三三.png
NO.201,花怨鳗,Ⅰ阶,"地, 草",原始形态,原始形态,否,0.58~0.68M,2.9~4KG,花怨鳗 → 鳗尾兽,26,,NO201_花怨鳗.png
NO.202,鳗尾兽,最终形态,"地, 草",原始形态,原始形态,否,0.79~0.92M,19.8~36.5KG,花怨鳗 → 鳗尾兽,26,,NO202_鳗尾兽.png
NO.203,伊雷龙,Ⅰ阶,龙,原始形态,原始形态,否,0.72~0.94M,27.2~34KG,伊雷龙 → 伊兰亚龙,40,,NO203_伊雷龙.png
NO.204,伊兰亚龙,最终形态,龙,原始形态,原始形态,否,3.65~4M,168~195KG,伊雷龙 → 伊兰亚龙,40,,NO204_伊兰亚龙.png
NO.205,拉特,Ⅰ阶,电,原始形态,原始形态,是,0.49~0.61M,7.7~8.6KG,拉特 → 酷拉,40,,NO205_拉特.png
NO.206,酷拉,最终形态,电,原始形态,原始形态,是,0.99~1.24M,19.5~23.5KG,拉特 → 酷拉,40,,NO206_酷拉.png
NO.207,闪电环,Ⅰ阶,电,原始形态,原始形态,否,0.37~0.46M,2.4~3.1KG,闪电环 → 刺电环 → 荆棘电环,"28,40",,NO207_闪电环.png
NO.208,刺电环,Ⅱ阶,电,原始形态,原始形态,否,0.58~0.73M,10.16~16.74KG,闪电环 → 刺电环 → 荆棘电环,"28,40",,NO208_刺电环.png
NO.209,荆棘电环,最终形态,电,原始形态,原始形态,否,0.78~0.98M,29.5~34.3KG,闪电环 → 刺电环 → 荆棘电环,"28,40",,NO209_荆棘电环.png
NO.210,小箱怪,Ⅰ阶,"机械, 幻",原始形态,原始形态,否,0.34~0.46M,4.45~6.81KG,小箱怪 → 迷迷箱怪,36,,NO210_小箱怪.png
NO.211,迷迷箱怪,最终形态,"机械, 幻",原始形态,原始形态,否,0.64~0.72M,18.02~24.4KG,小箱怪 → 迷迷箱怪,36,,NO211_迷迷箱怪.png
NO.212,古钟蛇,Ⅰ阶,"萌, 毒",原始形态,原始形态,否,,,古钟蛇（本命年的样子） → 寒音蛇（本命年的样子）,38,,NO212_古钟蛇.png
NO.213,寒音蛇,最终形态,"萌, 毒",原始形态,原始形态,否,,,古钟蛇（本命年的样子） → 寒音蛇（本命年的样子）,38,,NO213_寒音蛇.png
NO.214,矮脚爬爬,Ⅰ阶,虫,原始形态,原始形态,否,0.28~0.44M,3.3~4.2KG,矮脚爬爬 → 恶魔红钻,36,,NO214_矮脚爬爬.png
NO.215,恶魔红钻,最终形态,"虫, 恶",原始形态,原始形态,否,1.32~1.55M,42.5~62KG,矮脚爬爬 → 恶魔红钻,36,,NO215_恶魔红钻.png
NO.216,火尾瓦特,Ⅰ阶,火,原始形态,原始形态,否,0.64~0.92M,18.5~21.2KG,火尾瓦特 → 火尾战士 → 烈火守护,"20,40",,NO216_火尾瓦特.png
NO.217,火尾战士,Ⅱ阶,火,原始形态,原始形态,否,0.76~1.09M,48.5~58.6KG,火尾瓦特 → 火尾战士 → 烈火守护,"20,40",,NO217_火尾战士.png
NO.218,烈火守护,最终形态,火,原始形态,原始形态,否,0.99~1.42M,76.5~87.5KG,火尾瓦特 → 火尾战士 → 烈火守护,"20,40",,NO218_烈火守护.png
NO.219,里拉鳐,最终形态,水,原始形态,原始形态,否,0.94~1.1M,38.6~49.5KG,里拉鳐,,,NO219_里拉鳐.png
NO.220,海枝枝,最终形态,"水, 幽",原始形态,原始形态,否,0.75~0.85M,3.51~6.82KG,海枝枝（翠绿纶布）,,,NO220_海枝枝.png
NO.221,多西,Ⅰ阶,"机械, 地",原始形态,原始形态,否,0.65~0.94M,5.7~7.1KG,多西 → 库多西 → 波多西,"32,48",,NO221_多西.png
NO.222,库多西,Ⅱ阶,"机械, 地",原始形态,原始形态,否,0.99~1.42M,115.8~175.02KG,多西 → 库多西 → 波多西,"32,48",,NO222_库多西.png
NO.223,波多西,最终形态,"机械, 地",原始形态,原始形态,否,1.43~2.05M,265~295KG,多西 → 库多西 → 波多西,"32,48",,NO223_波多西.png
NO.224,小翼龙,Ⅰ阶,"龙, 翼",原始形态,原始形态,否,0.61~0.87M,25.1~36.5KG,小翼龙 → 翼龙,40,,NO224_小翼龙.png
NO.225,翼龙,最终形态,"龙, 翼",原始形态,原始形态,否,1.79~1.99M,240~265KG,小翼龙 → 翼龙,40,,NO225_翼龙.png
NO.226,电动长颈鹿,Ⅰ阶,电,原始形态,原始形态,否,0.7~1M,29.8~36.8KG,电动长颈鹿 → 奔乐鹿 → 爵士鹿,"28,40",,NO226_电动长颈鹿.png
NO.227,奔乐鹿,Ⅱ阶,电,原始形态,原始形态,否,0.85~1.22M,68~77.5KG,电动长颈鹿 → 奔乐鹿 → 爵士鹿,"28,40",,NO227_奔乐鹿.png
NO.228,爵士鹿,最终形态,电,原始形态,原始形态,否,1.38~1.98M,135~185.06KG,电动长颈鹿 → 奔乐鹿 → 爵士鹿,"28,40",,NO228_爵士鹿.png
NO.229,缇塔,Ⅰ阶,机械,原始形态,原始形态,否,0.65~0.75M,38.2~45.2KG,缇塔 → 声波缇塔,40,,NO229_缇塔.png
NO.230,声波缇塔,最终形态,机械,原始形态,原始形态,否,1.05~1.2M,71.5~78.5KG,缇塔 → 声波缇塔,40,,NO230_声波缇塔.png
NO.231,小鹬,Ⅰ阶,翼,原始形态,原始形态,否,0.25~0.36M,1.4~2.2KG,小鹬 → 鄙目鹬 → 高脚鹬,"16,32",,NO231_小鹬.png
NO.232,鄙目鹬,Ⅱ阶,翼,原始形态,原始形态,否,0.67~0.96M,6.75~8.9KG,小鹬 → 鄙目鹬 → 高脚鹬,"16,32",,NO232_鄙目鹬.png
NO.233,高脚鹬,最终形态,翼,原始形态,原始形态,否,0.81~1.16M,18~24.91KG,小鹬 → 鄙目鹬 → 高脚鹬,"16,32",,NO233_高脚鹬.png
NO.234,脆筒甜甜,Ⅰ阶,冰,原始形态,原始形态,否,0.3~0.4M,1.8~3.8KG,脆筒甜甜 → 香草甜甜 → 圣代甜甜,"28,40",,NO234_脆筒甜甜.png
NO.235,香草甜甜,Ⅱ阶,冰,原始形态,原始形态,否,0.4~0.6M,5.15~7.8KG,脆筒甜甜 → 香草甜甜（蓝莓饰品） → 圣代甜甜（蓝莓巧克力口味）,"28,40",,NO235_香草甜甜.png
NO.236,圣代甜甜,最终形态,冰,原始形态,原始形态,否,0.7~1M,16.5~22.75KG,,,,NO236_圣代甜甜.png
NO.237,刺轮砣,Ⅰ阶,"毒, 萌",原始形态,原始形态,否,0.18~0.31M,2.7~4KG,刺轮砣（下弦的样子） → 月亮砣（下弦的样子）,36,,NO237_刺轮砣.png
NO.238,月亮砣,最终形态,"毒, 萌",原始形态,原始形态,否,1.85~2.1M,128~184.4KG,刺轮砣（下弦的样子） → 月亮砣（下弦的样子）,36,夜晚进化,NO238_月亮砣.png
NO.239,豆丁鱼,Ⅰ阶,"水, 龙",原始形态,原始形态,否,0.31~0.44M,1.2~3.4KG,豆丁鱼 → 快鳍鱼 → 龙鱼,"20,32",,NO239_豆丁鱼.png
NO.240,快鳍鱼,Ⅱ阶,"水, 龙",原始形态,原始形态,否,0.27~0.39M,14.5~16.8KG,豆丁鱼 → 快鳍鱼 → 龙鱼,"20,32",,NO240_快鳍鱼.png
NO.241,龙鱼,最终形态,"水, 龙",原始形态,原始形态,否,0.69~0.99M,39.5~44.5KG,豆丁鱼 → 快鳍鱼 → 龙鱼,"20,32",,NO241_龙鱼.png
NO.242,胆小鳗鱼,Ⅰ阶,"电, 水",原始形态,原始形态,否,0.74~1.07M,17.5~26.85KG,胆小鳗鱼 → 闪电鳗鱼,36,,NO242_胆小鳗鱼.png
NO.243,闪电鳗鱼,最终形态,"电, 水",原始形态,原始形态,否,0.83~1.19M,68.9~76.5KG,胆小鳗鱼 → 闪电鳗鱼,36,,NO243_闪电鳗鱼.png
NO.244,翡翠水母,Ⅰ阶,"水, 毒",原始形态,原始形态,否,0.49~0.7M,31.5~36.8KG,翡翠水母 → 琉璃水母,26,,NO244_翡翠水母.png
NO.245,琉璃水母,最终形态,"水, 毒",原始形态,原始形态,否,0.9~1.28M,48~53KG,翡翠水母 → 琉璃水母,26,,NO245_琉璃水母.png
NO.246,裘洛,Ⅰ阶,毒,原始形态,原始形态,否,0.7~1M,7.5~12.5KG,裘洛 → 裘力 → 裘卡,"20,32",,NO246_裘洛.png
NO.247,裘力,Ⅱ阶,毒,原始形态,原始形态,否,0.81~1.16M,14.07~18.02KG,裘洛 → 裘力 → 裘卡,"20,32",,NO247_裘力.png
NO.248,裘卡,最终形态,毒,原始形态,原始形态,否,1.25~1.79M,49.5~58.6KG,裘洛 → 裘力 → 裘卡,"20,32",,NO248_裘卡.png
NO.249,可爱猿,Ⅰ阶,火,原始形态,原始形态,否,0.69~0.98M,21~31.5KG,可爱猿 → 炽热猿 → 火焰猿,"28,40",,NO249_可爱猿.png
NO.250,炽热猿,Ⅱ阶,火,原始形态,原始形态,否,0.71~1.02M,46.5~63.5KG,可爱猿 → 炽热猿 → 火焰猿,"28,40",,NO250_炽热猿.png
NO.251,火焰猿,最终形态,火,原始形态,原始形态,否,1.68~1.9M,124.5~136.5KG,可爱猿 → 炽热猿 → 火焰猿,"28,40",,NO251_火焰猿.png
NO.252,布鲁斯,Ⅰ阶,冰,原始形态,原始形态,否,0.53~0.76M,2.4~4.6KG,布鲁斯 → 雪顶布鲁斯 → 冰钻布鲁斯,"26,42",,NO252_布鲁斯.png
NO.253,雪顶布鲁斯,Ⅱ阶,冰,原始形态,原始形态,否,0.58~0.83M,12.8~15.6KG,布鲁斯 → 雪顶布鲁斯 → 冰钻布鲁斯,"26,42",,NO253_雪顶布鲁斯.png
NO.254,冰钻布鲁斯,最终形态,冰,原始形态,原始形态,否,1.21~1.72M,49.5~58.6KG,布鲁斯 → 雪顶布鲁斯 → 冰钻布鲁斯,"26,42",,NO254_冰钻布鲁斯.png
NO.255,治愈兔,Ⅰ阶,"火, 萌",原始形态,原始形态,是,0.57~0.82M,12.03~14.42KG,治愈兔 → 红丝绒 → 红绒十字,"16,36",,NO255_治愈兔.png
NO.256,红丝绒,Ⅱ阶,"火, 萌",原始形态,原始形态,是,0.68~0.97M,22.4~28.6KG,治愈兔 → 红丝绒 → 红绒十字,"16,36",,NO256_红丝绒.png
NO.257,红绒十字,最终形态,"火, 萌",原始形态,原始形态,是,1.04~1.49M,32.5~36.8KG,治愈兔 → 红丝绒 → 红绒十字,"16,36",,NO257_红绒十字.png
NO.258,乌达,Ⅰ阶,"恶, 火",原始形态,原始形态,否,0.44~0.58M,4.6~6.1KG,乌达（极夜的样子） → 迷你乌（极夜的样子） → 乌拉塔（极夜的样子）,"30,50",,NO258_乌达.png
NO.259,迷你乌,Ⅱ阶,"恶, 火",原始形态,原始形态,否,0.97~1.2M,27.9~39.1KG,乌达（极夜的样子） → 迷你乌（极夜的样子） → 乌拉塔（极夜的样子）,"30,50",,NO259_迷你乌.png
NO.260,乌拉塔,最终形态,"恶, 火",原始形态,原始形态,否,1.85~2.1M,48.8~63.29KG,乌达（极夜的样子） → 迷你乌（极夜的样子） → 乌拉塔（极夜的样子）,"30,50",,NO260_乌拉塔.png
NO.261,螺旋帕帕,Ⅰ阶,"机械, 翼",原始形态,原始形态,否,0.35~0.45M,2.08~4.35KG,螺旋帕帕 → 帕帕斯卡,36,,NO261_螺旋帕帕.png
NO.262,帕帕斯卡,最终形态,"机械, 翼",原始形态,原始形态,否,1.05~1.47M,48.7~60.1KG,螺旋帕帕 → 帕帕斯卡,36,,NO262_帕帕斯卡.png
NO.263,机械方方,Ⅰ阶,机械,原始形态,原始形态,是,0.42~0.6M,8~11KG,机械方方 → 多彩方方 → 立方人,"28,40",,NO263_机械方方.png
NO.264,多彩方方,Ⅱ阶,机械,原始形态,原始形态,是,0.68~0.97M,23.77~34.6KG,机械方方 → 多彩方方 → 立方人,"28,40",且处于联机情况下,NO264_多彩方方.png
NO.265,立方人,最终形态,机械,原始形态,原始形态,是,1.78~2.01M,106.5~139.07KG,机械方方 → 多彩方方 → 立方人,"28,40",且处于联机情况下,NO265_立方人.png
NO.266,可立鸡,Ⅰ阶,火,原始形态,原始形态,否,0.39~0.56M,4.6~7.4KG,可立鸡 → 晕晕鸡 → 绅士鸡,"16,36",,NO266_可立鸡.png
NO.267,晕晕鸡,Ⅱ阶,火,原始形态,原始形态,否,0.68~0.91M,12.03~18.06KG,可立鸡 → 晕晕鸡 → 绅士鸡,"16,36",,NO267_晕晕鸡.png
NO.268,绅士鸡,最终形态,"火, 武",原始形态,原始形态,否,1.31~1.87M,46.8~58.2KG,可立鸡 → 晕晕鸡 → 绅士鸡,"16,36",,NO268_绅士鸡.png
NO.269,武者鸡,最终形态,"火, 武",原始形态,原始形态,否,1.46~2.09M,46.8~58.2KG,可立鸡 → 晕晕鸡 → 武者鸡,"16,36",击败三只恶系宠物,NO269_武者鸡.png
NO.270,优优,Ⅰ阶,"地, 光",原始形态,原始形态,否,0.38~0.56M,3.03~4.1KG,优优 → 绒光优优,36,,NO270_优优.png
NO.271,绒光优优,最终形态,"地, 光",原始形态,原始形态,否,0.69~0.85M,13.5~19.6KG,优优 → 绒光优优,36,,NO271_绒光优优.png
NO.272,噼啪鸟,最终形态,"电, 翼",原始形态,原始形态,否,2~2.15M,89.5~127.5KG,噼啪鸟,,,NO272_噼啪鸟.png
NO.273,深蓝鲸,最终形态,水,原始形态,原始形态,否,2~2.65M,645~700KG,深蓝鲸,,,NO273_深蓝鲸.png
NO.274,格兰种子,Ⅰ阶,草,原始形态,原始形态,是,0.4~0.57M,3.5~5.4KG,格兰种子 → 格兰花 → 格兰球,"16,32",,NO274_格兰种子.png
NO.275,格兰花,Ⅱ阶,草,原始形态,原始形态,是,0.48~0.68M,6.5~7.8KG,格兰种子 → 格兰花 → 格兰球,"16,32",,NO275_格兰花.png
NO.276,格兰球,最终形态,草,原始形态,原始形态,是,0.81~1.16M,12.5~16.5KG,格兰种子 → 格兰花 → 格兰球,"16,32",,NO276_格兰球.png
NO.277,地鼠,Ⅰ阶,地,原始形态,原始形态,否,0.46~0.66M,3.8~5.13KG,地鼠（储水期的样子） → 遁鼠（储水期的样子） → 遁地鼠（储水期的样子）,"16,36",,NO277_地鼠.png
NO.278,遁鼠,Ⅱ阶,地,原始形态,原始形态,否,0.48~0.69M,5.42~6.82KG,地鼠（储水期的样子） → 遁鼠（储水期的样子） → 遁地鼠（储水期的样子）,"16,36",,NO278_遁鼠.png
NO.279,遁地鼠,最终形态,地,原始形态,原始形态,否,0.64~0.92M,9.4~11.5KG,地鼠（储水期的样子） → 遁鼠（储水期的样子） → 遁地鼠（储水期的样子）,"16,36",,NO279_遁地鼠.png
NO.280,墨鱿士,Ⅰ阶,幽,原始形态,原始形态,否,0.35~0.46M,3.25~5.02KG,墨鱿士 → 混乱鱿彩,32,,NO280_墨鱿士.png
NO.281,混乱鱿彩,最终形态,"幽, 恶",原始形态,原始形态,否,1.36~1.54M,36.9~48.2KG,墨鱿士 → 混乱鱿彩,32,打败三只萌系精灵,NO281_混乱鱿彩.png
NO.282,秩序鱿墨,最终形态,"幽, 萌",原始形态,原始形态,否,1.59~1.72M,45.6~60.1KG,墨鱿士 → 秩序鱿墨,32,打败三只恶系精灵,NO282_秩序鱿墨.png
NO.283,小甲虫,Ⅰ阶,虫,原始形态,原始形态,否,0.48~0.68M,6.5~8.4KG,小甲虫 → 铠甲虫,40,,NO283_小甲虫.png
NO.284,铠甲虫,最终形态,虫,原始形态,原始形态,否,1.17~1.68M,83~96KG,小甲虫 → 铠甲虫,40,,NO284_铠甲虫.png
NO.285,圣剑侍从,Ⅰ阶,机械,原始形态,原始形态,否,0.94~1.18M,115.7~173.6KG,圣剑侍从 → 圣剑-X,40,,NO285_圣剑侍从.png
NO.286,圣剑-X,最终形态,机械,原始形态,原始形态,否,1.83~2.07M,481~658KG,圣剑侍从 → 圣剑-X,40,,NO286_圣剑_X.png
NO.287,吸泥鸥,Ⅰ阶,"地, 翼",原始形态,原始形态,否,0.55~0.71M,9.5~12.5KG,吸泥鸥 → 泥吼牙,36,,NO287_吸泥鸥.png
NO.288,泥吼牙,最终形态,"地, 翼",原始形态,原始形态,否,1.05~1.45M,21.5~32.5KG,吸泥鸥 → 泥吼牙,36,,NO288_泥吼牙.png
NO.289,大头骨龙,Ⅰ阶,"龙, 幽",原始形态,原始形态,否,0.85~1M,18.6~33.5KG,大头骨龙 → 寂灭骨龙,40,,NO289_大头骨龙.png
NO.290,寂灭骨龙,最终形态,"龙, 幽",原始形态,原始形态,否,2.25~2.45M,85.7~105KG,大头骨龙 → 寂灭骨龙,40,,NO290_寂灭骨龙.png
NO.291,厉毒小萝,Ⅰ阶,"毒, 恶",原始形态,原始形态,否,0.55~0.65M,8.73~14.92KG,厉毒小萝 → 厉毒修萝,40,,NO291_厉毒小萝.png
NO.292,厉毒修萝,最终形态,"毒, 恶",原始形态,原始形态,否,1.45~1.55M,33.75~41.6KG,厉毒小萝 → 厉毒修萝,40,,NO292_厉毒修萝.png
NO.293,小帕尔,Ⅰ阶,恶,原始形态,原始形态,否,0.64~0.92M,9.4~13.6KG,小帕尔 → 帕尔萨斯 → 龙息帕尔,"28,40",,NO293_小帕尔.png
NO.294,帕尔萨斯,Ⅱ阶,恶,原始形态,原始形态,否,1.33~1.58M,46.5~61.5KG,小帕尔 → 帕尔萨斯 → 龙息帕尔,"28,40",成长为1星,NO294_帕尔萨斯.png
NO.295,龙息帕尔,最终形态,恶,原始形态,原始形态,否,1.93~2.4M,96.5~115KG,小帕尔 → 帕尔萨斯 → 龙息帕尔,"28,40",成长为2星,NO295_龙息帕尔.png
NO.296,毛头小蛛,Ⅰ阶,"虫, 地",原始形态,原始形态,否,0.3~0.45M,0.95~2KG,毛头小蛛 → 捕尘长绒,30,,NO296_毛头小蛛.png
NO.297,捕尘长绒,最终形态,"虫, 地",原始形态,原始形态,否,1.15~1.45M,2.35~4.19KG,毛头小蛛 → 捕尘长绒,30,身高大于0.375,NO297_捕尘长绒.png
NO.298,食尘短绒,最终形态,"虫, 地",原始形态,原始形态,否,0.75~0.9M,2.65~5.15KG,毛头小蛛 → 食尘短绒,30,身高小于0.375,NO298_食尘短绒.png
NO.299,画精灵,Ⅰ阶,普通,原始形态,原始形态,否,0.28~0.38M,0.99~2.21KG,画精灵 → 画像守护 → 画间法师手,"16,36",,NO299_画精灵.png
NO.300,画像守护,Ⅱ阶,普通,原始形态,原始形态,否,0.49~0.6M,5.85~6.9KG,画精灵 → 画像守护 → 画间法师手,"16,36",,NO300_画像守护.png
NO.301,画间法师手,最终形态,"普通, 幻",原始形态,原始形态,否,2.08~2.45M,46.05~58.1KG,画精灵 → 画像守护 → 画间法师手,"16,36",击败三只武系精灵,NO301_画间法师手.png
NO.302,画间沉铁兽,最终形态,"普通, 武",原始形态,原始形态,否,1.75~1.92M,75.7~88.02KG,画精灵 → 画像守护 → 画间沉铁兽,"16,36",击败三只幻系精灵,NO302_画间沉铁兽.png
NO.303,书魔虫,Ⅰ阶,普通,原始形态,原始形态,否,0.3~0.41M,2.28~3.86KG,书魔虫 → 书卷守护 → 古卷执政官,"16,36",,NO303_书魔虫.png
NO.304,书卷守护,Ⅱ阶,普通,原始形态,原始形态,否,0.82~1.01M,9.8~14.8KG,书魔虫 → 书卷守护 → 古卷执政官,"16,36",,NO304_书卷守护.png
NO.305,古卷执政官,最终形态,"普通, 幻",原始形态,原始形态,否,1.91~2.21M,98.8~135.5KG,书魔虫 → 书卷守护 → 古卷执政官,"16,36",击败三只武系精灵,NO305_古卷执政官.png
NO.306,古卷匣魔像,最终形态,"普通, 武",原始形态,原始形态,否,1.87~2.15M,119.5~180.5KG,书魔虫 → 书卷守护 → 古卷匣魔像,"16,36",击败三只幻系精灵,NO306_古卷匣魔像.png
NO.307,绒绒,Ⅰ阶,"光, 虫",原始形态,原始形态,是,0.29~0.35M,1~2.5KG,绒绒 → 小绒茧 → 绒仙子,"27,47",,NO307_绒绒.png
NO.308,小绒茧,Ⅱ阶,"光, 虫",原始形态,原始形态,是,0.59~0.84M,7.6~9.2KG,绒绒 → 小绒茧 → 绒仙子,"27,47",获得1200星光值,NO308_小绒茧.png
NO.309,绒仙子,最终形态,"光, 虫",原始形态,原始形态,是,1.25~1.65M,37.5~42.8KG,绒绒 → 小绒茧 → 绒仙子,"27,47",,NO309_绒仙子.png
NO.310,犀角鸟,Ⅰ阶,光,原始形态,原始形态,是,0.32~0.4M,9.6~11.5KG,犀角鸟 → 光纤兽 → 疾光千兽,"27,47",,NO310_犀角鸟.png
NO.311,光纤兽,Ⅱ阶,光,原始形态,原始形态,是,0.7~0.85M,31.5~37.8KG,犀角鸟 → 光纤兽 → 疾光千兽,"27,47",获得1200星光值,NO311_光纤兽.png
NO.312,疾光千兽,最终形态,光,原始形态,原始形态,是,1.75~2.1M,112.9~165KG,犀角鸟 → 光纤兽 → 疾光千兽,"27,47",,NO312_疾光千兽.png
NO.313,果冻,Ⅰ阶,水,原始形态,原始形态,否,0.3~0.36M,4.35~5.6KG,果冻 → 抹茶布丁,30,,NO313_果冻.png
NO.314,抹茶布丁,最终形态,"水, 草",原始形态,原始形态,否,0.39~0.51M,6.21~7.9KG,果冻 → 抹茶布丁,30,草血脉,NO314_抹茶布丁.png
NO.315,椰浆布丁,最终形态,"水, 冰",原始形态,原始形态,否,0.39~0.51M,6.21~7.9KG,果冻 → 椰浆布丁,30,冰血脉,NO315_椰浆布丁.png
NO.316,熔岩布丁,最终形态,"水, 火",原始形态,原始形态,否,0.39~0.51M,6.21~7.9KG,果冻 → 熔岩布丁,30,火血脉,NO316_熔岩布丁.png
NO.317,星尘虫,Ⅰ阶,虫,原始形态,原始形态,否,0.15~0.2M,0.45~1.4KG,星尘虫 → 落星虫 → 陨星虫,"30,42",,NO317_星尘虫.png
NO.318,落星虫,Ⅱ阶,虫,原始形态,原始形态,否,0.35~0.4M,1.25~2.25KG,星尘虫 → 落星虫 → 陨星虫,"30,42",,NO318_落星虫.png
NO.319,陨星虫,最终形态,虫,原始形态,原始形态,否,0.65~0.8M,5.6~6.8KG,星尘虫 → 落星虫 → 陨星虫,"30,42",,NO319_陨星虫.png
NO.320,双灯鱼,Ⅰ阶,"水, 电",原始形态,原始形态,是,0.5~0.72M,14.9~17.8KG,双灯鱼 → 利灯鱼,30,,NO320_双灯鱼.png
NO.321,利灯鱼,最终形态,"水, 电",原始形态,原始形态,是,0.62~0.89M,26.8~31.5KG,双灯鱼 → 利灯鱼,30,,NO321_利灯鱼.png
NO.322,月牙雪熊,最终形态,"冰, 幻",原始形态,原始形态,是,1.25~1.45M,76.5~92.5KG,月牙雪熊,,,NO322_月牙雪熊.png
NO.323,嗜光嗡嗡,Ⅰ阶,"恶, 光",原始形态,原始形态,是,0.24~0.32M,1.46~3.05KG,嗜光嗡嗡 → 窃光蚊,28,,NO323_嗜光嗡嗡.png
NO.324,窃光蚊,最终形态,"恶, 光",原始形态,原始形态,是,0.53~0.66M,7.05~9.62KG,嗜光嗡嗡 → 窃光蚊,28,击败三只光系精灵,NO324_窃光蚊.png
NO.325,柴渣虫,Ⅰ阶,"火, 草",原始形态,原始形态,是,0.45~0.55M,14.5~18.6KG,柴渣虫 → 燃薪虫,40,,NO325_柴渣虫.png
NO.326,燃薪虫,最终形态,"火, 草",原始形态,原始形态,是,1.1~1.25M,72.5~87.5KG,柴渣虫 → 燃薪虫,40,,NO326_燃薪虫.png
NO.327,空空颅,Ⅰ阶,幽,原始形态,原始形态,是,0.43~0.61M,5.6~8.7KG,空空颅 → 夜宿颅 → 夜枭,"30,50",,NO327_空空颅.png
NO.328,夜宿颅,Ⅱ阶,幽,原始形态,原始形态,是,0.82~1.18M,27.6~34.3KG,空空颅 → 夜宿颅 → 夜枭,"30,50",使用3次勾魂,NO328_夜宿颅.png
NO.329,夜枭,最终形态,幽,原始形态,原始形态,是,1.45~2.07M,58.6~66.5KG,空空颅 → 夜宿颅 → 夜枭,"30,50",,NO329_夜枭.png
NO.330,粉粉星,Ⅰ阶,"电, 幻",原始形态,原始形态,是,0.53~0.76M,2.1~3KG,粉粉星 → 小皮球,32,,NO330_粉粉星.png
NO.331,小皮球,最终形态,"电, 幻",原始形态,原始形态,是,0.7~1M,6.4~8.12KG,粉粉星 → 小皮球,32,,NO331_小皮球.png
NO.332,贝瑟,Ⅰ阶,"机械, 火",原始形态,原始形态,是,0.57~0.82M,24.5~34.6KG,贝瑟 → 贝加尔 → 贝古斯,"28,38",,NO332_贝瑟.png
NO.333,贝加尔,Ⅱ阶,"机械, 火",原始形态,原始形态,是,0.9~1.2M,87.6~97.5KG,贝瑟 → 贝加尔 → 贝古斯,"28,38",,NO333_贝加尔.png
NO.334,贝古斯,最终形态,"机械, 火",原始形态,原始形态,是,1.55~1.8M,248~286KG,贝瑟 → 贝加尔 → 贝古斯,"28,38",,NO334_贝古斯.png
NO.335,粉星仔,Ⅰ阶,幻,原始形态,原始形态,是,0.39~0.5M,9.8~12.8KG,粉星仔 → 粉耳星兔,32,,NO335_粉星仔.png
NO.336,粉耳星兔,最终形态,幻,原始形态,原始形态,是,0.55~0.75M,16.82~23.81KG,粉星仔 → 粉耳星兔,32,,NO336_粉耳星兔.png
NO.337,落陨星兔,最终形态,"幻, 幽",原始形态,原始形态,是,0.55~0.75M,16.82~23.81KG,粉星仔 → 落陨星兔,32,幽系血脉,NO337_落陨星兔.png
NO.338,布瓜蝌,Ⅰ阶,幻,原始形态,原始形态,否,0.32~0.51M,0.45~1.65KG,布瓜蝌 → 上岸蛙,33,,NO338_布瓜蝌.png
NO.339,上岸蛙,最终形态,幻,原始形态,原始形态,否,0.65~0.87M,5.8~8.1KG,布瓜蝌 → 上岸蛙,33,,NO339_上岸蛙.png
NO.340,火红尾,Ⅰ阶,火,原始形态,原始形态,是,0.72~0.98M,17.5~30.5KG,火红尾 → 雅丹鬃,,,NO340_火红尾.png
NO.341,雅丹鬃,最终形态,火,原始形态,原始形态,是,1.7~2.06M,49.5~71.2KG,火红尾 → 雅丹鬃,,,NO341_雅丹鬃.png
NO.342,春团,Ⅰ阶,草,原始形态,原始形态,否,0.35~0.51M,2.1~3.6KG,春团 → 春兔 → 春花兔,"21,38",,NO342_春团.png
NO.343,春兔,Ⅱ阶,草,原始形态,原始形态,否,0.61~0.87M,6.8~8.5KG,春团 → 春兔 → 春花兔,"21,38",,NO343_春兔.png
NO.344,春花兔,最终形态,草,原始形态,原始形态,否,0.85~1.15M,18.5~33.5KG,春团 → 春兔 → 春花兔,"21,38",,NO344_春花兔.png
NO.345,幽星光,Ⅰ阶,幻,原始形态,原始形态,否,0.4~0.55M,0.6~1.65KG,幽星光 → 曜星光 → 暮星辰,"21,38",,NO345_幽星光.png
NO.346,曜星光,Ⅱ阶,"幻, 翼",原始形态,原始形态,否,0.88~1.05M,3~4.5KG,幽星光 → 曜星光 → 暮星辰,"21,38",,NO346_曜星光.png
NO.347,暮星辰,最终形态,"幻, 翼",原始形态,原始形态,否,1.85~2.05M,7.5~10.5KG,幽星光 → 曜星光 → 暮星辰,"21,38",,NO347_暮星辰.png
NO.012,板板壳,Ⅰ阶,水,地区形态,地区形态,否,0.53~0.76M,6.8~9.5KG,板板壳（蜕皮时的样子） → 咔咔壳（蜕皮时的样子） → 水泡壳（蜕皮时的样子）,"16,36",,NO012_板板壳.png
NO.013,咔咔壳,Ⅱ阶,水,地区形态,地区形态,否,0.65~0.92M,17.5~22.5KG,板板壳（蜕皮时的样子） → 咔咔壳（蜕皮时的样子） → 水泡壳（蜕皮时的样子）,"16,36",,NO013_咔咔壳.png
NO.014,水泡壳,最终形态,水,地区形态,地区形态,否,1.23~1.75M,79.5~90.5KG,板板壳（蜕皮时的样子） → 咔咔壳（蜕皮时的样子） → 水泡壳（蜕皮时的样子）,"16,36",,NO014_水泡壳.png
NO.018,雪绒鸟,Ⅰ阶,翼,地区形态,地区形态,否,0.38~0.51M,2.77~4.5KG,雪绒鸟（秋天的样子） → 冬羽雀（秋天的样子） → 岚鸟（秋天的样子）,30,,NO018_雪绒鸟.png
NO.018,雪绒鸟,Ⅰ阶,翼,地区形态,地区形态,否,0.38~0.51M,2.77~4.5KG,雪绒鸟（秋天的样子） → 冬羽雀（秋天的样子） → 岚鸟（秋天的样子）,30,,NO018_雪绒鸟.png
NO.018,雪绒鸟,Ⅰ阶,翼,地区形态,地区形态,否,0.38~0.51M,2.77~4.5KG,雪绒鸟（秋天的样子） → 冬羽雀（秋天的样子） → 岚鸟（秋天的样子）,30,,NO018_雪绒鸟.png
NO.019,冬羽雀,Ⅱ阶,翼,地区形态,地区形态,否,0.62~0.71M,8.92~12.7KG,雪绒鸟（秋天的样子） → 冬羽雀（秋天的样子） → 岚鸟（秋天的样子）,30,,NO019_冬羽雀.png
NO.019,冬羽雀,Ⅱ阶,翼,地区形态,地区形态,否,0.62~0.71M,8.92~12.7KG,雪绒鸟（秋天的样子） → 冬羽雀（秋天的样子） → 岚鸟（秋天的样子）,30,,NO019_冬羽雀.png
NO.019,冬羽雀,Ⅱ阶,翼,地区形态,地区形态,否,0.62~0.71M,8.92~12.7KG,雪绒鸟（秋天的样子） → 冬羽雀（秋天的样子） → 岚鸟（秋天的样子）,30,,NO019_冬羽雀.png
NO.020,岚鸟,最终形态,翼,地区形态,地区形态,否,1.43~2.04M,27.08~32.7KG,雪绒鸟（秋天的样子） → 冬羽雀（秋天的样子） → 岚鸟（秋天的样子）,30,,NO020_岚鸟.png
NO.020,岚鸟,最终形态,翼,地区形态,地区形态,否,1.43~2.04M,27.08~32.7KG,雪绒鸟（秋天的样子） → 冬羽雀（秋天的样子） → 岚鸟（秋天的样子）,30,,NO020_岚鸟.png
NO.020,岚鸟,最终形态,翼,地区形态,地区形态,否,1.43~2.04M,27.08~32.7KG,雪绒鸟（秋天的样子） → 冬羽雀（秋天的样子） → 岚鸟（秋天的样子）,30,,NO020_岚鸟.png
NO.024,石肤蜥,Ⅰ阶,地,地区形态,地区形态,否,0.49~0.7M,19.5~32.5KG,石肤蜥（球球尾巴的样子） → 石刺蜥（球球尾巴的样子） → 石冠王蜥（球球尾巴的样子）,"32,48",,NO024_石肤蜥.png
NO.025,石刺蜥,Ⅱ阶,地,地区形态,地区形态,否,0.67~0.96M,56.5~68.5KG,石肤蜥（球球尾巴的样子） → 石刺蜥（球球尾巴的样子） → 石冠王蜥（球球尾巴的样子）,"32,48",,NO025_石刺蜥.png
NO.026,石冠王蜥,最终形态,地,地区形态,地区形态,否,0.94~1.18M,76.5~95.5KG,石肤蜥（球球尾巴的样子） → 石刺蜥（球球尾巴的样子） → 石冠王蜥（球球尾巴的样子）,"32,48",,NO026_石冠王蜥.png
NO.034,化蝶,最终形态,"虫, 萌",地区形态,地区形态,否,0.76~1.08M,15.6~17.8KG,毛毛 → 爬爬 → 化蝶（奇丽花的样子）,"20,35",,NO034_化蝶.png
NO.034,化蝶,最终形态,"虫, 萌",地区形态,地区形态,否,0.76~1.08M,15.6~17.8KG,毛毛 → 爬爬 → 化蝶（奇丽花的样子）,"20,35",,NO034_化蝶.png
NO.034,化蝶,最终形态,"虫, 萌",地区形态,地区形态,否,0.76~1.08M,15.6~17.8KG,毛毛 → 爬爬 → 化蝶（奇丽花的样子）,"20,35",,NO034_化蝶.png
NO.040,晶石蜗,最终形态,"光, 地",地区形态,地区形态,否,1.03~1.35M,59.1~71.05KG,矿晶虫 → 晶石蜗（烧蓝黄金的样子）,40,撞击任意三种矿石各三次,NO040_晶石蜗.png
NO.040,晶石蜗,最终形态,"光, 地",地区形态,地区形态,否,1.03~1.35M,59.1~71.05KG,矿晶虫 → 晶石蜗（烧蓝黄金的样子）,40,撞击任意三种矿石各三次,NO040_晶石蜗.png
NO.040,晶石蜗,最终形态,"光, 地",地区形态,地区形态,否,1.03~1.35M,59.1~71.05KG,矿晶虫 → 晶石蜗（烧蓝黄金的样子）,40,撞击任意三种矿石各三次,NO040_晶石蜗.png
NO.040,晶石蜗,最终形态,"光, 地",地区形态,地区形态,否,1.03~1.35M,59.1~71.05KG,矿晶虫 → 晶石蜗（烧蓝黄金的样子）,40,撞击任意三种矿石各三次,NO040_晶石蜗.png
NO.040,晶石蜗,最终形态,"光, 地",地区形态,地区形态,否,1.03~1.35M,59.1~71.05KG,矿晶虫 → 晶石蜗（烧蓝黄金的样子）,40,撞击任意三种矿石各三次,NO040_晶石蜗.png
NO.044,丢丢,Ⅰ阶,"草, 地",地区形态,地区形态,否,,,丢丢（火山附近的样子） → 卡卡虫（火山附近的样子） → 卡瓦重（火山附近的样子）,"16,36",,NO044_丢丢.png
NO.044,丢丢,Ⅰ阶,"草, 冰",地区形态,地区形态,否,,,丢丢（火山附近的样子） → 卡卡虫（火山附近的样子） → 卡瓦重（火山附近的样子）,"16,36",,NO044_丢丢.png
NO.044,丢丢,Ⅰ阶,"草, 火",地区形态,地区形态,,,,丢丢（火山附近的样子） → 卡卡虫（火山附近的样子） → 卡瓦重（火山附近的样子）,"16,36",,NO044_丢丢.png
NO.045,卡卡虫,Ⅱ阶,"草, 地",地区形态,地区形态,否,,,丢丢（火山附近的样子） → 卡卡虫（火山附近的样子） → 卡瓦重（火山附近的样子）,"16,36",,NO045_卡卡虫.png
NO.045,卡卡虫,Ⅱ阶,"草, 冰",地区形态,地区形态,否,,,丢丢（火山附近的样子） → 卡卡虫（火山附近的样子） → 卡瓦重（火山附近的样子）,"16,36",,NO045_卡卡虫.png
NO.045,卡卡虫,Ⅱ阶,"草, 火",地区形态,地区形态,,,,丢丢（火山附近的样子） → 卡卡虫（火山附近的样子） → 卡瓦重（火山附近的样子）,"16,36",,NO045_卡卡虫.png
NO.046,卡瓦重,最终形态,"草, 地",地区形态,地区形态,否,,,丢丢（火山附近的样子） → 卡卡虫（火山附近的样子） → 卡瓦重（火山附近的样子）,"16,36",,NO046_卡瓦重.png
NO.046,卡瓦重,最终形态,"草, 冰",地区形态,地区形态,否,,,丢丢（火山附近的样子） → 卡卡虫（火山附近的样子） → 卡瓦重（火山附近的样子）,"16,36",,NO046_卡瓦重.png
NO.046,卡瓦重,最终形态,"草, 火",地区形态,地区形态,,,,丢丢（火山附近的样子） → 卡卡虫（火山附近的样子） → 卡瓦重（火山附近的样子）,"16,36",,NO046_卡瓦重.png
NO.055,暗影灵面,Ⅱ阶,幽,地区形态,地区形态,否,0.75~0.86M,0.12~1.16KG,小灵面 → 暗影灵面（闭眼的样子） → 幽冥眼（闭眼的样子）,"20,32",时间为中午进化,NO055_暗影灵面.png
NO.056,幽冥眼,最终形态,幽,地区形态,地区形态,否,1.55~1.65M,1.5~2.86KG,小灵面 → 暗影灵面（闭眼的样子） → 幽冥眼（闭眼的样子）,"20,32",时间为中午进化,NO056_幽冥眼.png
NO.057,梦游,Ⅰ阶,"幽, 光",地区形态,地区形态,,,,梦游（穿星星睡衣的样子） → 梦悠悠（穿星星睡衣的样子）,32,,NO057_梦游.png
NO.058,梦悠悠,最终形态,"幽, 光",地区形态,地区形态,,,,梦游（穿星星睡衣的样子） → 梦悠悠（穿星星睡衣的样子）,32,,NO058_梦悠悠.png
NO.063,蹦蹦种子,Ⅰ阶,"草, 毒",地区形态,地区形态,否,0.46~0.67M,4.3~5.6KG,蹦蹦种子（象牙球形态） → 蹦蹦草（象牙球形态） → 蹦蹦花（象牙球形态）,"16,32",,NO063_蹦蹦种子.png
NO.063,蹦蹦种子,Ⅰ阶,"草, 毒",地区形态,地区形态,否,0.46~0.67M,4.3~5.6KG,蹦蹦种子（象牙球形态） → 蹦蹦草（象牙球形态） → 蹦蹦花（象牙球形态）,"16,32",,NO063_蹦蹦种子.png
NO.063,蹦蹦种子,Ⅰ阶,"草, 毒",地区形态,地区形态,否,0.46~0.67M,4.3~5.6KG,蹦蹦种子（象牙球形态） → 蹦蹦草（象牙球形态） → 蹦蹦花（象牙球形态）,"16,32",,NO063_蹦蹦种子.png
NO.064,蹦蹦草,Ⅱ阶,"草, 毒",地区形态,地区形态,否,0.59~0.85M,34.3~42.9KG,蹦蹦种子（象牙球形态） → 蹦蹦草（象牙球形态） → 蹦蹦花（象牙球形态）,"16,32",,NO064_蹦蹦草.png
NO.064,蹦蹦草,Ⅱ阶,"草, 毒",地区形态,地区形态,否,0.59~0.85M,34.3~42.9KG,蹦蹦种子（象牙球形态） → 蹦蹦草（象牙球形态） → 蹦蹦花（象牙球形态）,"16,32",,NO064_蹦蹦草.png
NO.064,蹦蹦草,Ⅱ阶,"草, 毒",地区形态,地区形态,否,0.59~0.85M,34.3~42.9KG,蹦蹦种子（象牙球形态） → 蹦蹦草（象牙球形态） → 蹦蹦花（象牙球形态）,"16,32",,NO064_蹦蹦草.png
NO.065,蹦蹦花,最终形态,"草, 毒",地区形态,地区形态,否,1.33~1.9M,75~86KG,蹦蹦种子（象牙球形态） → 蹦蹦草（象牙球形态） → 蹦蹦花（象牙球形态）,"16,32",,NO065_蹦蹦花.png
NO.065,蹦蹦花,最终形态,"草, 毒",地区形态,地区形态,否,1.33~1.9M,75~86KG,蹦蹦种子（象牙球形态） → 蹦蹦草（象牙球形态） → 蹦蹦花（象牙球形态）,"16,32",,NO065_蹦蹦花.png
NO.065,蹦蹦花,最终形态,"草, 毒",地区形态,地区形态,否,1.33~1.9M,75~86KG,蹦蹦种子（象牙球形态） → 蹦蹦草（象牙球形态） → 蹦蹦花（象牙球形态）,"16,32",,NO065_蹦蹦花.png
NO.076,海盔虫,Ⅰ阶,"水, 毒",地区形态,地区形态,否,0.55~0.7M,7.4~8.6KG,海盔虫（磨损的样子） → 刺盔虫（磨损的样子） → 千棘盔（磨损的样子）,"26,42",,NO076_海盔虫.png
NO.077,刺盔虫,Ⅱ阶,"水, 毒",地区形态,地区形态,否,0.83~1.19M,22.5~29.8KG,海盔虫（磨损的样子） → 刺盔虫（磨损的样子） → 千棘盔（磨损的样子）,"26,42",,NO077_刺盔虫.png
NO.078,千棘盔,最终形态,"水, 毒",地区形态,地区形态,否,1.11~1.33M,98.6~115KG,海盔虫（磨损的样子） → 刺盔虫（磨损的样子） → 千棘盔（磨损的样子）,"26,42",,NO078_千棘盔.png
NO.080,小星光,Ⅰ阶,"电, 光",地区形态,地区形态,否,0.78~1.12M,27.5~36.2KG,小星光（月光能量的样子） → 星光狮（月光能量的样子）,38,,NO080_小星光.png
NO.081,星光狮,最终形态,"电, 光",地区形态,地区形态,否,1.08~1.54M,49.5~58.1KG,小星光（月光能量的样子） → 星光狮（月光能量的样子）,38,,NO081_星光狮.png
NO.118,旋叶虫,Ⅰ阶,"普通, 虫",地区形态,地区形态,否,0.1~0.15M,0.1~0.85KG,旋叶虫（枯叶的样子） → 蓬叶虫（枯叶的样子） → 风滚暮虫（枯叶的样子）,"25,45",,NO118_旋叶虫.png
NO.119,蓬叶虫,Ⅱ阶,"普通, 虫",地区形态,地区形态,否,0.53~0.76M,0.65~1.68KG,旋叶虫（枯叶的样子） → 蓬叶虫（枯叶的样子） → 风滚暮虫（枯叶的样子）,"25,45",,NO119_蓬叶虫.png
NO.120,风滚暮虫,最终形态,"普通, 虫",地区形态,地区形态,否,0.6~0.7M,1.45~3.43KG,旋叶虫（枯叶的样子） → 蓬叶虫（枯叶的样子） → 风滚暮虫（枯叶的样子）,"25,45",,NO120_风滚暮虫.png
NO.163,小怂猫,Ⅰ阶,武,地区形态,地区形态,,,,,,,NO163_小怂猫.png
NO.164,怒目怂猫,最终形态,武,地区形态,地区形态,,,,,,,NO164_怒目怂猫.png
NO.165,小狮鹫,Ⅰ阶,翼,地区形态,地区形态,否,0.71~1.02M,11.5~17.5KG,小狮鹫（高山地的样子） → 神圣狮鹫（高山地的样子） → 皇家狮鹫（高山地的样子）,"32,46",,NO165_小狮鹫.png
NO.166,神圣狮鹫,Ⅱ阶,翼,地区形态,地区形态,否,1.01~1.44M,49.5~56.8KG,小狮鹫（高山地的样子） → 神圣狮鹫（高山地的样子） → 皇家狮鹫（高山地的样子）,"32,46",,NO166_神圣狮鹫.png
NO.167,皇家狮鹫,最终形态,翼,地区形态,地区形态,否,1.72~2.45M,125~170.5KG,小狮鹫（高山地的样子） → 神圣狮鹫（高山地的样子） → 皇家狮鹫（高山地的样子）,"32,46",,NO167_皇家狮鹫.png
NO.171,波波螺,Ⅰ阶,"地, 水",地区形态,地区形态,否,0.32~0.42M,4.85~5.65KG,,,,NO171_波波螺.png
NO.172,消波螺,Ⅱ阶,"地, 水",地区形态,地区形态,否,0.68~0.82M,46.5~69.9KG,,,,NO172_消波螺.png
NO.173,嗜波螺,最终形态,"地, 水",地区形态,地区形态,否,1.2~1.6M,86.8~113KG,,,,NO173_嗜波螺.png
NO.188,棋棋,Ⅰ阶,"武, 地",地区形态,地区形态,否,0.35~0.47M,10.7~14.5KG,棋棋（黑子） → 棋骑士（黑子）,26,,NO188_棋棋.png
NO.189,棋骑士,最终形态,"武, 地",地区形态,地区形态,否,0.98~1.35M,43.06~60.09KG,棋棋（黑子） → 棋骑士（黑子）,26,击败三次棋骑士（白子）,NO189_棋骑士.png
NO.190,棋齐垒,最终形态,"武, 地",地区形态,地区形态,否,1.45~1.71M,58.01~70.05KG,棋棋（黑子） → 棋齐垒（黑子）,26,击败三次棋齐垒（白子）,NO190_棋齐垒.png
NO.191,棋祈督,最终形态,"武, 地",地区形态,地区形态,否,0.98~1.35M,38.07~47.05KG,棋棋（黑子） → 棋祈督（黑子）,26,击败三次棋祈督（白子）,NO191_棋祈督.png
NO.192,棋绮后,最终形态,"武, 地",地区形态,地区形态,否,1.66~1.81M,30.01~41.02KG,棋棋（黑子） → 棋绮后（黑子）,26,击败三次棋绮后（白子）,NO192_棋绮后.png
NO.212,古钟蛇,Ⅰ阶,"萌, 毒",地区形态,地区形态,,,,古钟蛇（本命年的样子） → 寒音蛇（本命年的样子）,38,,NO212_古钟蛇.png
NO.213,寒音蛇,最终形态,"萌, 毒",地区形态,地区形态,,,,古钟蛇（本命年的样子） → 寒音蛇（本命年的样子）,38,,NO213_寒音蛇.png
NO.220,海枝枝,最终形态,"水, 幽",地区形态,地区形态,否,0.75~0.85M,3.51~6.82KG,海枝枝（翠绿纶布）,,,NO220_海枝枝.png
NO.220,海枝枝,最终形态,"水, 幽",地区形态,地区形态,否,0.75~0.85M,3.51~6.82KG,海枝枝（翠绿纶布）,,,NO220_海枝枝.png
NO.220,海枝枝,最终形态,"水, 幽",地区形态,地区形态,否,0.75~0.85M,3.51~6.82KG,海枝枝（翠绿纶布）,,,NO220_海枝枝.png
NO.235,香草甜甜,Ⅱ阶,冰,地区形态,地区形态,否,0.4~0.6M,5.15~7.8KG,脆筒甜甜 → 香草甜甜（蓝莓饰品） → 圣代甜甜（蓝莓巧克力口味）,"28,40",,NO235_香草甜甜.png
NO.235,香草甜甜,Ⅱ阶,冰,地区形态,地区形态,否,0.4~0.6M,5.15~7.8KG,脆筒甜甜 → 香草甜甜（蓝莓饰品） → 圣代甜甜（蓝莓巧克力口味）,"28,40",,NO235_香草甜甜.png
NO.236,圣代甜甜,最终形态,冰,地区形态,地区形态,否,0.7~1M,16.5~22.75KG,,,,NO236_圣代甜甜.png
NO.236,圣代甜甜,最终形态,冰,地区形态,地区形态,否,0.7~1M,16.5~22.75KG,,,,NO236_圣代甜甜.png
NO.236,圣代甜甜,最终形态,冰,地区形态,地区形态,否,0.7~1M,16.5~22.75KG,,,,NO236_圣代甜甜.png
NO.236,圣代甜甜,最终形态,冰,地区形态,地区形态,否,0.7~1M,16.5~22.75KG,,,,NO236_圣代甜甜.png
NO.236,圣代甜甜,最终形态,冰,地区形态,地区形态,否,0.7~1M,16.5~22.75KG,,,,NO236_圣代甜甜.png
NO.236,圣代甜甜,最终形态,冰,地区形态,地区形态,否,0.7~1M,16.5~22.75KG,,,,NO236_圣代甜甜.png
NO.236,圣代甜甜,最终形态,冰,地区形态,地区形态,否,0.7~1M,16.5~22.75KG,,,,NO236_圣代甜甜.png
NO.236,圣代甜甜,最终形态,冰,地区形态,地区形态,否,0.7~1M,16.5~22.75KG,,,,NO236_圣代甜甜.png
NO.237,刺轮砣,Ⅰ阶,"毒, 萌",地区形态,地区形态,否,0.18~0.31M,2.7~4KG,刺轮砣（下弦的样子） → 月亮砣（下弦的样子）,36,,NO237_刺轮砣.png
NO.238,月亮砣,最终形态,"毒, 萌",地区形态,地区形态,否,1.85~2.1M,128~184.4KG,刺轮砣（下弦的样子） → 月亮砣（下弦的样子）,36,夜晚进化,NO238_月亮砣.png
NO.258,乌达,Ⅰ阶,"恶, 冰",地区形态,地区形态,否,0.44~0.58M,4.6~6.1KG,乌达（极夜的样子） → 迷你乌（极夜的样子） → 乌拉塔（极夜的样子）,"30,50",,NO258_乌达.png
NO.259,迷你乌,Ⅱ阶,"恶, 冰",地区形态,地区形态,否,0.97~1.2M,27.9~39.1KG,乌达（极夜的样子） → 迷你乌（极夜的样子） → 乌拉塔（极夜的样子）,"30,50",,NO259_迷你乌.png
NO.260,乌拉塔,最终形态,"恶, 冰",地区形态,地区形态,否,1.85~2.1M,48.8~63.29KG,乌达（极夜的样子） → 迷你乌（极夜的样子） → 乌拉塔（极夜的样子）,"30,50",,NO260_乌拉塔.png
NO.277,地鼠,Ⅰ阶,地,地区形态,地区形态,否,0.46~0.66M,3.8~5.13KG,地鼠（储水期的样子） → 遁鼠（储水期的样子） → 遁地鼠（储水期的样子）,"16,36",,NO277_地鼠.png
NO.278,遁鼠,Ⅱ阶,地,地区形态,地区形态,否,0.48~0.69M,5.42~6.82KG,地鼠（储水期的样子） → 遁鼠（储水期的样子） → 遁地鼠（储水期的样子）,"16,36",,NO278_遁鼠.png
NO.279,遁地鼠,最终形态,地,地区形态,地区形态,否,0.64~0.92M,9.4~11.5KG,地鼠（储水期的样子） → 遁鼠（储水期的样子） → 遁地鼠（储水期的样子）,"16,36",,NO279_遁地鼠.png
NO.004,叶冕魔力猫,最终形态,草,首领形态,首领形态,否,2.4~3M,246~315KG,,,,NO004_叶冕魔力猫.png
NO.007,烈火战神,最终形态,火,首领形态,首领形态,否,2.47~3.01M,183~267KG,,,,NO007_烈火战神.png
NO.010,圣水守护,最终形态,水,首领形态,首领形态,否,1.72~1.94M,137~172KG,,,,NO010_圣水守护.png
NO.011,鸭吉吉国王,最终形态,普通,首领形态,首领形态,否,1.65~2.07M,93.7~140KG,,,,NO011_鸭吉吉国王.png
NO.020,霜翼领主,最终形态,翼,首领形态,首领形态,否,2~2.68M,59~71.09KG,,,,NO020_霜翼领主.png
NO.029,迷嶂布莱克,最终形态,地,首领形态,首领形态,否,2.63~3.3M,668.5~870.4KG,,,,NO029_迷嶂布莱克.png
NO.035,幻影荆棘,最终形态,"幽, 草",首领形态,首领形态,是,1.01~1.45M,55.7~72.7KG,,,,NO035_幻影荆棘.png
NO.040,钻石蜗,最终形态,"光, 地",首领形态,首领形态,否,1.69~1.91M,84.4~110.2KG,,,,NO040_钻石蜗.png
NO.043,奇丽果,最终形态,草,首领形态,首领形态,是,1.68~2.2M,72.4~105KG,,,,NO043_奇丽果.png
NO.048,风暴战犬,最终形态,火,首领形态,首领形态,否,1.75~1.91M,61.03~79.06KG,,,,NO048_风暴战犬.png
NO.065,蹦蹦果,最终形态,"草, 毒",首领形态,首领形态,否,1.94~2.51M,167~191KG,,,,NO065_蹦蹦果.png
NO.078,千棘海针,最终形态,"水, 毒",首领形态,首领形态,否,1.73~2.14M,192.5~252KG,,,,NO078_千棘海针.png
NO.084,女王蜂,最终形态,"虫, 翼",首领形态,首领形态,否,1.54~2.12M,98.5~137KG,,,,NO084_女王蜂.png
NO.110,神谕鲨,最终形态,"水, 翼",首领形态,首领形态,否,1.79~2.26M,107.6~165.5KG,,,,NO110_神谕鲨.png
NO.115,祭礼巨像,最终形态,"地, 幻",首领形态,首领形态,否,1.91~2.37M,468~694KG,,,,NO115_祭礼巨像.png
NO.117,彩虹独角兽,最终形态,光,首领形态,首领形态,否,2.72~3.04M,160.5~211.08KG,,,,NO117_彩虹独角兽.png
NO.122,黑猫密探,最终形态,普通,首领形态,首领形态,否,0.94~1.08M,11.07~15.06KG,,,,NO122_黑猫密探.png
NO.131,恶魔狼王,最终形态,恶,首领形态,首领形态,是,2.04~2.6M,168~227.5KG,,,,NO131_恶魔狼王.png
NO.144,雪影冰灵,最终形态,"冰, 萌",首领形态,首领形态,是,1.85~2.04M,58.06~76.02KG,,,,NO144_雪影冰灵.png
NO.192,棋契陛下,最终形态,"武, 地",首领形态,首领形态,否,1.77~2.04M,122.05~175.2KG,,,,NO192_棋契陛下.png
NO.200,奇梦咪,最终形态,萌,首领形态,首领形态,否,2.29~2.75M,38.7~55KG,,,,NO200_奇梦咪.png
NO.204,伊兰龙,最终形态,龙,首领形态,首领形态,否,5.5~7M,228~342KG,,,,NO204_伊兰龙.png
NO.228,波普鹿,最终形态,电,首领形态,首领形态,否,3.3~3.72M,210.5~300KG,,,,NO228_波普鹿.png
NO.286,圣剑骑士,最终形态,机械,首领形态,首领形态,否,2.44~2.92M,865~1100KG,,,,NO286_圣剑骑士.png
